date,expected_attendance,meals_prepared,previous_day_waste,avg_7day_waste,temperature,portion_size,event,holiday,day_of_week,meal_type,menu_category,waste_kg
2024-01-01,302,265,14.998578238206306,8.331590060460925,34.47205475196295,90.13307435240206,0,0,0,Dinner,Light Meal,5.607483649182779
2024-01-02,548,379,11.600959317776526,13.038285448873001,30.137285113701118,111.19763070075018,0,0,1,Lunch,Roti-Based,5.4088075025903395
2024-01-03,470,299,17.65944487365833,10.257038097909708,33.719196362898195,106.14733398194008,0,0,2,Lunch,Roti-Based,7.259756978187053
2024-01-04,306,529,4.351742188822333,9.275843000675003,26.791242164180847,87.55601432678986,0,0,3,Dinner,Mixed,14.85584956216242
2024-01-05,271,305,16.22917629694793,8.367168740033897,19.990095020691665,104.50277353419794,0,0,4,Dinner,Light Meal,11.619880498394007
2024-01-06,388,311,4.246774651403269,11.906709479151782,26.97902126419129,104.60969429216861,0,0,5,Lunch,Mixed,7.542673551543368
2024-01-07,220,367,16.295791925889297,11.63390142960123,20.156838077072585,113.68663520930883,0,0,6,Lunch,Mixed,17.02499719938914
2024-01-08,302,380,6.963816228524426,5.421867510963601,28.072389145998883,85.09062614068483,0,0,0,Breakfast,Rice-Based,8.705031644435527
2024-01-09,321,421,17.7876304583274,10.076097562776585,26.20238202897027,92.43797349417422,0,0,1,Lunch,Roti-Based,15.245062741153605
2024-01-10,414,643,18.99275768885716,11.302076643147748,28.58378176315729,112.83374438125946,0,0,2,Breakfast,Mixed,23.079620127485786
2024-01-11,530,635,4.678327449292081,11.554304080970857,18.170798677932137,112.96401746194849,0,0,3,Lunch,Mixed,14.067010876811432
2024-01-12,287,461,10.328160891177083,6.151607893685277,21.31228835814119,106.61759258111913,0,0,4,Breakfast,Mixed,12.283841060756192
2024-01-13,572,572,19.65777280692833,14.134070883784302,26.352617342506225,107.9728996314262,0,0,5,Lunch,Roti-Based,17.539165591758223
2024-01-14,299,221,10.70133384751664,3.3779864223160443,34.15856054701529,87.74448873788941,0,0,6,Breakfast,Roti-Based,4.78824881243164
2024-01-15,559,444,17.543855405261812,8.32247783314744,24.521353686037692,100.41627504334701,1,0,0,Dinner,Roti-Based,6.85004507529721
2024-01-16,351,508,12.597167398363757,14.703189728034504,25.21432444291179,91.94748973866999,0,0,1,Lunch,Light Meal,19.00806738196362
2024-01-17,330,452,8.755938342552835,11.458393815831036,30.149833513112576,90.43654130840852,0,0,2,Lunch,Mixed,12.887778139641146
2024-01-18,349,633,7.144103999465663,6.917436487662904,28.264476873864005,109.30909897369997,0,0,3,Dinner,Roti-Based,21.98761723708626
2024-01-19,508,636,5.658015639549571,13.424296790145716,23.081744551671665,89.05114410041642,0,0,4,Dinner,Mixed,15.570356363113543
2024-01-20,457,296,15.71236744479855,11.5108641623411,24.983878724646274,99.05954910989156,0,0,5,Lunch,Light Meal,6.109245517696687
2024-01-21,543,335,8.957729122814502,14.943654141845808,21.70089658057295,113.157347187581,0,0,6,Breakfast,Rice-Based,6.627735539177712
2024-01-22,493,373,11.20295831961352,14.025377792847351,34.42236480521355,90.57496166696028,0,0,0,Dinner,Light Meal,5.955053945416164
2024-01-23,585,625,10.861858640021275,12.15161883054352,20.220784486475115,114.33980271214703,0,1,1,Lunch,Roti-Based,15.604439062935025
2024-01-24,391,322,12.391022526196362,10.32266512966221,24.32122533762913,114.82863957283178,0,0,2,Dinner,Roti-Based,11.885916316516909
2024-01-25,476,413,17.58038862124194,4.997731885012851,18.43926252774019,101.66851464047208,0,0,3,Lunch,Light Meal,8.047469903617905
2024-01-26,360,385,19.65330818450173,6.919995268280756,21.77025136287029,90.10428220531473,0,0,4,Lunch,Mixed,13.659209860622031
2024-01-27,513,578,9.336515754328705,9.28649209375628,31.268009352462634,94.48314663822687,0,0,5,Lunch,Roti-Based,11.762940743488613
2024-01-28,221,309,16.895340597913453,11.98948930509583,21.419978948910952,97.73478498029606,0,0,6,Dinner,Roti-Based,13.41376996299782
2024-01-29,452,393,15.761500303784917,10.705617828229572,19.361077842992415,94.27972673074669,0,0,0,Dinner,Light Meal,12.560678226832165
2024-01-30,435,341,12.323521126200319,7.322767889392942,26.065704057356896,93.41906739629547,0,0,1,Breakfast,Mixed,8.248065331708306
2024-01-31,544,362,19.208848585014795,3.0969653668456583,18.169476990486814,114.16689127649073,0,0,2,Lunch,Light Meal,7.637233585143576
2024-02-01,248,325,5.60854127951125,10.44358832851221,19.441024625247664,89.60094482247237,0,0,3,Breakfast,Light Meal,9.13658743653314
2024-02-02,258,594,3.966755785573185,7.284389828433646,31.729639782570576,106.99983726150586,0,1,4,Lunch,Mixed,23.81013125602255
2024-02-03,369,647,17.3713154051976,14.019124510658026,31.11504686261331,85.01230868317525,0,0,5,Dinner,Mixed,20.911253753381764
2024-02-04,387,524,9.90469669940747,3.3591939790572525,33.55735994688323,102.8854800820713,0,1,6,Lunch,Rice-Based,13.054609147610241
2024-02-05,470,579,17.245439375727088,11.772417169586863,32.526762410482746,112.47829011862157,0,0,0,Dinner,Light Meal,19.57126572717191
2024-02-06,389,536,18.075623693517468,17.122113562590982,29.613984575076906,93.63802282279657,0,0,1,Lunch,Mixed,18.55525541051267
2024-02-07,374,342,3.124236685143286,5.616139006672492,18.88965857411127,90.56577925773158,0,0,2,Dinner,Roti-Based,5.918518580657909
2024-02-08,250,609,17.902365733749093,10.07474236125893,31.308426505773177,104.5503938463528,0,1,3,Dinner,Rice-Based,28.207211694429805
2024-02-09,563,228,10.0697429966496,4.371329877257073,32.373683784289526,106.37804221895179,0,0,4,Breakfast,Light Meal,0.5
2024-02-10,254,481,11.18778480207618,12.385228683920289,31.584396478123224,105.64091556855944,0,0,5,Lunch,Mixed,21.390245207866016
2024-02-11,443,292,13.278665199677784,11.257975208943384,26.644143600236443,94.57950640064122,0,0,6,Lunch,Rice-Based,7.367668651925907
2024-02-12,519,578,18.67488692114156,9.110482863192484,21.95933125704119,92.56607206477993,0,0,0,Breakfast,Rice-Based,15.32001523555949
2024-02-13,330,442,2.3440896997357523,10.820655322106118,32.370609586708355,113.67756399886133,0,0,1,Lunch,Roti-Based,8.104235743849769
2024-02-14,506,635,10.583182429720708,16.448619877035153,30.361767765582353,112.69898524809788,0,1,2,Lunch,Rice-Based,19.998459286848657
2024-02-15,334,260,14.378996763750092,5.944414534666006,34.67293996461048,98.71949829678461,0,0,3,Dinner,Light Meal,3.3467225626718693
2024-02-16,220,589,15.008725238568113,3.3384676755802083,20.64677416185086,110.38581598463121,0,0,4,Lunch,Mixed,22.687703357791698
2024-02-17,528,423,14.465583767667944,15.924973270486515,21.836297911884937,98.56970432902888,0,0,5,Dinner,Rice-Based,13.261765219875752
2024-02-18,366,483,4.419832329346193,11.656756235818598,21.600568547985546,97.73167054217531,0,0,6,Dinner,Rice-Based,13.295976736943896
2024-02-19,473,547,7.389120590690262,16.359876831927636,31.473176049562724,89.70288842797883,1,0,0,Dinner,Light Meal,14.681986519985681
2024-02-20,587,397,8.456879457506243,11.954178351197589,21.17742403965201,97.79218169475918,0,0,1,Lunch,Roti-Based,6.433083820007863
2024-02-21,288,567,16.479869738231088,15.152416349395537,19.133217106996202,101.12250815799422,0,0,2,Lunch,Roti-Based,22.668645883002213
2024-02-22,515,537,7.017677703461954,9.44510045032722,34.97553371195569,85.6751298228606,0,0,3,Lunch,Mixed,12.582076328133502
2024-02-23,213,303,5.792689349609657,14.247898969324032,18.421892594567534,98.32339015526219,0,0,4,Lunch,Light Meal,10.271554267207478
2024-02-24,441,537,19.23406434268573,16.69562200334784,32.199149022700716,108.440686551856,0,0,5,Lunch,Roti-Based,14.84026832953439
2024-02-25,464,330,2.15953913204244,11.581844455833094,24.211236306361098,105.4013816912281,1,0,6,Dinner,Mixed,7.894312436104567
2024-02-26,545,470,19.96077540227561,5.711777258435693,32.30746281588286,104.05470966591805,0,0,0,Lunch,Mixed,11.25957362798068
2024-02-27,252,602,14.182783379433122,7.031964225452972,27.428548350589466,112.28666285311607,0,0,1,Lunch,Roti-Based,20.6047153521015
2024-02-28,585,226,16.912447390084107,5.979668653461086,33.327730901268126,85.5409602947569,0,0,2,Dinner,Light Meal,0.5
2024-02-29,539,303,7.303149134231477,6.7028554139359935,33.745280769048655,101.71142758576703,1,0,3,Breakfast,Rice-Based,4.509785658291259
2024-03-01,291,427,2.2576749980070794,7.596231740265545,18.154669081773193,108.62046545229121,0,0,4,Lunch,Roti-Based,10.087173770472099
2024-03-02,566,607,15.28165133410754,11.327006801297827,19.282006991877402,101.24006148103803,0,0,5,Dinner,Rice-Based,14.066122566913162
2024-03-03,463,609,17.014602746012166,11.819874441957491,22.256098402704545,94.71686657741138,0,0,6,Breakfast,Rice-Based,19.699653412574772
2024-03-04,234,533,15.328570375163345,9.397496208627917,29.378362078179528,89.08751695275933,0,0,0,Lunch,Light Meal,18.071763525275166
2024-03-05,405,241,4.571305171415094,12.231311697312531,33.1006273406956,111.62689215448574,0,0,1,Lunch,Light Meal,3.2643047897703656
2024-03-06,280,629,15.561702600625443,4.223623884170489,25.819013171997366,99.12287177162808,0,0,2,Dinner,Mixed,22.55331846105351
2024-03-07,249,602,15.840610077937537,4.3168235558724,28.318542976662513,111.34345590957105,0,0,3,Lunch,Light Meal,22.86655020025172
2024-03-08,559,222,13.853729282060987,5.577441905364877,21.20449749752454,102.57556367299505,0,0,4,Lunch,Mixed,3.8482851161504232
2024-03-09,587,346,15.79008679032055,10.771162470605171,31.68443617598865,105.22576349845002,0,0,5,Lunch,Roti-Based,5.891102873068689
2024-03-10,201,516,17.226585914199177,6.209920180474704,34.44457789300898,109.1278346313535,0,1,6,Breakfast,Rice-Based,22.172030990210548
2024-03-11,589,407,13.044874056274251,7.24926605238866,22.56618185954816,104.77466633800404,0,0,0,Lunch,Light Meal,8.061955941394402
2024-03-12,253,581,3.594884851454223,9.00469254259491,26.41204117720929,96.94164522036813,1,0,1,Lunch,Roti-Based,20.839208866042238
2024-03-13,305,233,10.777300574009796,15.177991860155698,19.463973878608353,100.40900151785954,0,0,2,Lunch,Mixed,8.567723146623093
2024-03-14,459,231,3.3976880240888914,3.2079320386929018,27.505323159870464,109.09136574027639,1,0,3,Lunch,Light Meal,0.9892778637961751
2024-03-15,509,306,9.335774558583754,12.740682303549336,26.54731851139357,96.20950889118953,1,0,4,Lunch,Rice-Based,6.722616770144616
2024-03-16,390,231,9.327916804261298,13.03314796561028,20.45542023063632,96.64364370305492,0,0,5,Lunch,Roti-Based,4.849067639636368
2024-03-17,417,616,3.1881771945243482,14.979836705349548,25.515125623007275,87.87070348174004,0,0,6,Lunch,Light Meal,14.949450611232892
2024-03-18,243,244,8.278769611450628,16.9912940859047,23.679779085471576,112.43753305665243,0,0,0,Lunch,Light Meal,7.882145299360279
2024-03-19,361,520,3.997965778243667,3.3020677342393476,26.87112488018822,87.73108944836325,0,0,1,Breakfast,Roti-Based,11.55735704653412
2024-03-20,401,462,16.548233780166,5.306755582698242,27.956123702289588,104.44627532345667,0,0,2,Dinner,Mixed,16.484583589135934
2024-03-21,469,341,19.058384467360472,16.292569410839896,18.14442483632256,97.39583436408392,0,0,3,Dinner,Mixed,9.357799595456502
2024-03-22,550,366,3.301696554642895,9.877778432805231,30.937101710142443,97.16858170766326,0,0,4,Lunch,Light Meal,2.0059009420750114
2024-03-23,503,274,19.192073731250627,11.468859584001953,30.121242961649592,105.38655509718052,0,0,5,Lunch,Mixed,5.4439773408307905
2024-03-24,470,457,11.406378788061414,12.94540805584721,24.226868565510877,87.01281197889637,0,0,6,Lunch,Mixed,12.972506170254047
2024-03-25,414,575,7.39218220316973,13.18599906743456,18.89991090466991,102.81117348854303,1,0,0,Lunch,Roti-Based,18.486857608040122
2024-03-26,451,392,3.383517354970943,16.97610604974762,30.833853176345855,108.16095357917064,0,0,1,Lunch,Mixed,6.764245329076904
2024-03-27,389,611,11.01123682526752,17.954241261175042,34.23797772812825,109.84638273659783,1,0,2,Breakfast,Mixed,18.920380966571155
2024-03-28,495,440,16.301279800833477,13.802361913964104,22.08257713237424,90.11591168181326,0,0,3,Dinner,Roti-Based,12.579044558567317
2024-03-29,412,338,14.727556590800567,7.308318138077262,23.499918433529643,111.9225715023452,1,0,4,Breakfast,Light Meal,7.877932781967308
2024-03-30,407,528,2.9040682063515275,16.196286034415152,21.124819121190853,104.68438275542326,0,0,5,Lunch,Light Meal,14.34525251418892
2024-03-31,436,402,3.3122330366222634,3.7383137181114243,27.807914096862277,111.45564402462048,0,1,6,Dinner,Roti-Based,6.412448862693607
2024-04-01,537,507,9.251719087387468,6.4662127931174425,20.632303709006734,99.55842151330594,0,0,0,Lunch,Rice-Based,11.413594648703613
2024-04-02,566,526,7.315228892862979,16.460785761955723,24.05529703884345,101.26100035291606,0,0,1,Breakfast,Roti-Based,11.463340473619303
2024-04-03,252,519,6.182917815008861,6.842872716590325,29.84922123688247,112.57114831086014,1,0,2,Dinner,Rice-Based,18.286614647720732
2024-04-04,479,301,7.058080980356845,6.309765894326227,27.521971711158923,111.99728630064016,0,0,3,Dinner,Mixed,2.600780905203738
2024-04-05,416,621,16.46268937934392,5.071879397103709,24.5698635935749,98.44482620107006,1,0,4,Dinner,Light Meal,20.089670810603124
2024-04-06,451,430,18.72610496537337,15.886676364703748,25.14424323072821,93.23237894907045,0,0,5,Lunch,Rice-Based,13.26058334064983
2024-04-07,387,369,9.291848501496196,10.500873887866302,27.555885004594902,96.79511303692793,0,1,6,Breakfast,Rice-Based,12.663004207289891
2024-04-08,579,256,18.309998038384947,13.123398045812323,18.099700374081742,96.63292985589248,0,0,0,Dinner,Mixed,2.7194713430315156
2024-04-09,240,571,7.7869226224618755,6.585995761125445,19.334667763711366,93.60600624948381,0,0,1,Lunch,Light Meal,18.408041670151253
2024-04-10,356,531,10.57586575418825,14.370606315168247,32.9813871519712,93.057388129989,0,0,2,Dinner,Mixed,16.3688697555493
2024-04-11,214,580,6.068521960687995,14.400083174431478,19.32394281455194,110.83188809439159,1,0,3,Lunch,Light Meal,22.09241991269754
2024-04-12,500,278,13.528568759165191,7.688970373624502,30.01566113557859,87.09585762053985,1,0,4,Lunch,Light Meal,3.2594085213795028
2024-04-13,264,350,19.62166007314656,9.160239495154244,33.6406487898539,105.32833546298782,1,0,5,Dinner,Mixed,16.313769686379494
2024-04-14,544,631,12.862875728780816,6.145354161453013,22.601621273129428,90.18460154369357,1,0,6,Lunch,Rice-Based,12.837690269585561
2024-04-15,526,421,8.44065351404388,17.648415349843564,24.29835443001174,95.3351768018219,0,0,0,Breakfast,Roti-Based,7.240902472715511
2024-04-16,208,462,13.66071402782951,12.684038655876174,27.671663899360176,86.8462910240451,0,0,1,Lunch,Light Meal,16.69745605537065
2024-04-17,543,254,4.212572212376976,17.018158210732732,32.98905248385594,93.09920910566386,0,0,2,Lunch,Light Meal,0.5
2024-04-18,328,312,17.995863444777175,7.550783154436997,34.01239498342714,108.05263213351726,1,1,3,Breakfast,Roti-Based,15.390808602714484
2024-04-19,335,426,11.055511114037055,14.728363694953346,30.572575217891558,111.55045973641776,0,0,4,Lunch,Roti-Based,13.212748688663924
2024-04-20,262,572,10.088295356713557,14.48787965827113,19.472535934529798,91.645814557071,0,0,5,Lunch,Mixed,22.680874856447836
2024-04-21,338,610,12.545566192163346,13.374834777998123,29.375620644092464,98.90643517776766,0,0,6,Dinner,Light Meal,18.502766263213
2024-04-22,280,551,13.246109530209244,17.484584629002008,24.975163271835257,99.1097214381162,0,0,0,Lunch,Mixed,19.557955696224067
2024-04-23,591,524,3.2919645120772345,8.903330041594733,26.001916991348047,111.20725917279202,0,0,1,Dinner,Roti-Based,4.955221326070842
2024-04-24,362,569,14.287109982021244,4.960759853846359,18.83552263586801,107.88397158627416,1,0,2,Breakfast,Mixed,20.368820799258117
2024-04-25,488,432,6.354770245679532,13.07563288866091,21.24805636888809,100.39231655104149,0,1,3,Lunch,Light Meal,9.086283951039045
2024-04-26,578,378,14.851147385118617,13.939647007158092,31.43873132807201,105.1224160141532,0,0,4,Breakfast,Rice-Based,9.049474586456324
2024-04-27,460,243,16.80562629891554,11.62590860188222,25.71730016181362,110.42065161728101,0,0,5,Dinner,Rice-Based,6.986126708225746
2024-04-28,430,623,16.471253135945368,6.102268397000945,23.12825810772953,85.28616862076635,0,0,6,Dinner,Light Meal,17.114480618938067
2024-04-29,240,512,11.945017413342004,10.566839125040332,24.52832425740429,97.08670093150145,0,0,0,Dinner,Mixed,19.426976696948685
2024-04-30,227,223,11.36305806159352,7.682846048536941,32.52479172653656,112.21729501831236,0,0,1,Lunch,Roti-Based,11.792907628113914
2024-05-01,334,439,4.571767304109411,9.411997922500337,30.732983295884267,107.20939092531854,1,0,2,Lunch,Roti-Based,12.346398118710866
2024-05-02,400,583,15.956230707256442,12.678278637669958,22.629361752078406,101.28524123002224,0,0,3,Dinner,Rice-Based,22.86041789725591
2024-05-03,527,601,6.885368848040859,14.178221140362519,19.997531283610346,100.889335811054,0,0,4,Dinner,Mixed,15.57537301712746
2024-05-04,467,239,10.940517610723038,6.483370363520146,22.28396976794922,95.43310292813314,0,0,5,Dinner,Roti-Based,2.633950335663402
2024-05-05,232,371,7.116933672695301,9.0798804097043,33.65285966793047,100.61561600924543,0,0,6,Lunch,Roti-Based,12.992473679151981
2024-05-06,247,269,4.408910533994477,7.037423564874437,27.887010243445843,104.66149598390359,0,0,0,Dinner,Light Meal,1.86318157979432
2024-05-07,261,396,13.332038544051258,5.979474207928037,27.069163548661308,97.5508911528638,0,0,1,Breakfast,Mixed,13.540046674569375
2024-05-08,415,315,2.9779766268122687,14.750808299937576,28.138691194771845,106.42459439176523,0,0,2,Lunch,Mixed,5.2451883803816495
2024-05-09,492,324,15.4756142142716,16.638790416554887,24.22248051769076,110.83696681781157,0,0,3,Breakfast,Roti-Based,11.612511012776562
2024-05-10,298,639,7.7165623147001,8.55348278526865,31.720819345431718,89.64054544554584,1,0,4,Lunch,Mixed,21.014189089585184
2024-05-11,371,469,2.002424474080736,14.269183865606504,26.895866238104247,98.54641068452273,0,0,5,Dinner,Mixed,11.991720578434201
2024-05-12,559,336,11.200324506270137,16.454929340466165,19.984714347069524,97.24060273855244,0,0,6,Dinner,Mixed,5.756641727958808
2024-05-13,413,573,2.8433343534968563,15.691863157953474,20.19410712209407,105.62394412149185,0,0,0,Dinner,Light Meal,12.486531740006127
2024-05-14,234,447,6.971052040776191,5.7422008280883885,27.126605490544513,92.49602395773788,1,0,1,Lunch,Roti-Based,14.394264294512752
2024-05-15,426,285,14.72557677420289,17.34437822270042,33.92169370720427,104.20752744856829,0,0,2,Lunch,Rice-Based,10.605196641703523
2024-05-16,300,554,3.1284131891935854,8.650146606441936,23.24198606849538,111.32467725194464,1,0,3,Dinner,Mixed,14.813830191746021
2024-05-17,330,637,17.108092862408043,8.088609917607545,32.78219987060671,97.54394799380869,0,0,4,Lunch,Roti-Based,22.16393633651735
2024-05-18,456,639,2.068758607854496,3.9364699091667052,30.989624971840946,112.3304709993766,0,0,5,Dinner,Rice-Based,13.51392072087711
2024-05-19,204,481,6.442829645634241,10.292604811573245,22.212811529417415,114.79491216800434,0,0,6,Lunch,Light Meal,18.76804480981781
2024-05-20,417,514,15.336273010737287,4.635204234613931,18.617792721376123,88.18276149843857,0,0,0,Lunch,Roti-Based,14.212615860893555
2024-05-21,454,645,7.692862695127522,6.728097313911389,19.731403507420506,91.99159563954576,0,1,1,Lunch,Light Meal,13.778490272687307
2024-05-22,597,462,3.8340629851882433,7.754139326509221,30.384396875406484,113.5113925444628,0,0,2,Dinner,Roti-Based,4.862284637869238
2024-05-23,558,590,8.484210538407702,15.13239485237526,21.394385546690994,113.7498305944416,1,0,3,Lunch,Light Meal,15.502075401171911
2024-05-24,482,405,6.867079154921459,16.13232975593845,24.311605648591694,87.93121826160275,1,0,4,Lunch,Roti-Based,8.972907333522425
2024-05-25,592,465,17.168814238889986,7.536994761922045,26.528885822109224,85.4499550113141,0,0,5,Dinner,Light Meal,8.268721923895376
2024-05-26,406,344,7.640262516532577,15.880471818668608,30.33295886365277,89.83300069769267,0,0,6,Lunch,Rice-Based,8.922638005005112
2024-05-27,214,487,16.20078449196813,15.858464060546865,19.924930795405132,114.88038350146745,0,0,0,Dinner,Roti-Based,22.622375128633497
2024-05-28,545,350,18.053698606593226,14.469764255773104,24.908228889716845,90.39998849832061,0,0,1,Lunch,Rice-Based,9.210410635064324
2024-05-29,241,456,9.808713552377531,5.200426710227723,26.246239455425822,100.07642820166069,0,1,2,Lunch,Mixed,16.348443957361393
2024-05-30,579,237,18.378976589379057,13.354842703510934,27.194060087516174,110.45253179291532,1,0,3,Dinner,Rice-Based,5.949639396565391
2024-05-31,378,259,8.791724971337471,17.17536096870853,31.912130903718683,85.6120483206462,1,0,4,Lunch,Roti-Based,5.987820524094228
2024-06-01,262,240,19.35341149682195,13.238107181507356,20.918529315734688,103.13466946775378,0,0,5,Lunch,Rice-Based,14.630104679861446
2024-06-02,551,618,3.6072114414603127,7.974252736617509,31.73313468105258,93.31076346608873,0,0,6,Lunch,Roti-Based,15.707765315035962
2024-06-03,430,444,14.36634679705837,10.50868976146247,29.778933270843087,110.87004749319195,0,1,0,Lunch,Light Meal,12.640920021310475
2024-06-04,440,574,10.888652728224717,12.685875650265805,27.44980384138231,93.50383447792237,0,0,1,Lunch,Mixed,16.205473533947917
2024-06-05,251,501,8.977678498201648,10.658556130927554,29.891973796843722,105.60267160845727,0,0,2,Breakfast,Rice-Based,19.831692055172013
2024-06-06,295,227,13.388813817474816,4.799294125964547,25.004301562178156,105.22658897342191,0,0,3,Dinner,Mixed,8.76977103811042
2024-06-07,587,319,14.669427649417962,7.68096066978031,20.352758961458118,91.6448064657892,0,0,4,Dinner,Rice-Based,4.36027762188656
2024-06-08,421,459,2.0785388537055636,15.035940458304488,29.318009084511246,86.0439759960505,0,0,5,Breakfast,Roti-Based,8.148255259911782
2024-06-09,430,306,5.005155597449577,15.921270691432762,26.919429213655576,97.27748721356193,0,0,6,Lunch,Rice-Based,9.264138561077583
2024-06-10,436,517,14.834828911417736,5.059500490733553,28.869371609227183,93.6757945589761,0,0,0,Lunch,Mixed,14.926232033923576
2024-06-11,342,647,13.994937444407716,17.285801285980867,23.74597927748433,109.26933248841127,1,0,1,Breakfast,Rice-Based,25.952238150397775
2024-06-12,370,233,19.38885509231619,7.93233926772914,33.41673181477721,109.01092565366037,0,0,2,Lunch,Mixed,7.084319962179242
2024-06-13,228,553,15.698680224514094,12.9347060809608,27.985287765784808,98.71071856577876,0,0,3,Lunch,Mixed,22.486906779139296
2024-06-14,235,221,19.113908739164085,14.277377189350217,19.451842232944855,103.19536675969657,0,0,4,Lunch,Roti-Based,8.85579167911331
2024-06-15,212,594,14.645729027626526,15.179193519568251,25.646667841975287,103.12778547960775,0,0,5,Lunch,Light Meal,24.65602578096261
2024-06-16,359,512,7.364939755509977,17.186245533388952,30.858052930641783,109.8147444528287,0,0,6,Lunch,Light Meal,16.961422840070743
2024-06-17,526,544,3.8965686005154163,7.693793220432339,31.50028754944863,97.75007242369593,1,0,0,Dinner,Rice-Based,12.352370609103064
2024-06-18,386,641,16.07282954020884,15.877596818273318,26.4081498969839,93.26340039371527,0,0,1,Dinner,Mixed,20.57252485483749
2024-06-19,442,260,13.594685986566486,4.975303551543106,33.21070870413212,92.95104754421642,1,1,2,Lunch,Roti-Based,7.01935478722193
2024-06-20,285,537,2.867348223079332,13.57561359530389,22.550363432303058,101.08576837846613,0,0,3,Dinner,Light Meal,16.96979499116473
2024-06-21,483,535,8.48090838621761,14.129665942709789,24.98017785305053,98.47444608196638,0,0,4,Lunch,Roti-Based,11.844328997518755
2024-06-22,265,600,19.22239667871715,13.165848618019806,33.27614747967249,98.20362312954808,1,0,5,Dinner,Roti-Based,26.60402198713171
2024-06-23,369,330,11.007220622783622,6.784721042027295,33.23636418001684,87.73412017269122,0,0,6,Lunch,Mixed,8.78025135403946
2024-06-24,244,233,9.789124448354684,16.09564720522805,29.657117070019574,106.55811222070587,1,0,0,Dinner,Rice-Based,11.562166793651606
2024-06-25,261,450,10.238592892867292,5.532876950555925,32.60266930107774,91.41210063945732,0,1,1,Lunch,Mixed,14.723153914901687
2024-06-26,333,303,5.759889032092947,3.8045218728124626,19.509145538255954,90.90860890626163,1,0,2,Lunch,Light Meal,6.136903533168757
2024-06-27,483,349,8.636729075566315,13.761974859178682,32.7049145955322,97.3827496083218,0,0,3,Lunch,Light Meal,4.422722027764342
2024-06-28,227,450,8.656638607769178,10.132135728491004,23.450538411353854,91.83335024853405,0,0,4,Lunch,Roti-Based,15.762146832836773
2024-06-29,307,545,2.9423903633745034,15.73647029938014,21.031635711279677,102.51574801924046,0,0,5,Lunch,Mixed,17.868367870826848
2024-06-30,243,364,15.816217313322529,8.750957115873884,22.06928721781479,96.14390018003414,0,0,6,Lunch,Mixed,16.258707513566137
2024-07-01,539,598,9.497079774269821,5.5241788276156925,25.10546463623608,98.46735167778371,1,0,0,Dinner,Roti-Based,14.29382667275136
2024-07-02,485,564,16.79923796269562,15.546632887048046,22.270264078275943,101.11507964812087,0,0,1,Lunch,Rice-Based,18.395677801458934
2024-07-03,530,247,17.306264020158117,11.233644474601075,23.449648962280484,91.10606567445414,0,0,2,Lunch,Roti-Based,3.075839114187781
2024-07-04,327,285,5.815892984575845,5.837936885855323,20.294634263217915,89.6725486859659,0,0,3,Lunch,Roti-Based,3.9881018756884457
2024-07-05,547,382,13.832362679062314,13.805759978796686,23.035005014502975,111.41265708620814,0,0,4,Dinner,Light Meal,6.917469126540046
2024-07-06,430,448,10.501072474933672,10.666704577342507,27.72882484721402,98.01171108494263,0,0,5,Dinner,Mixed,13.77623731920004
2024-07-07,389,480,17.842821282586733,12.064694733604798,25.511513037548088,97.36280828897617,0,0,6,Dinner,Light Meal,16.18641906818549
2024-07-08,424,643,5.883332225176174,9.913475073098727,23.89421894101049,86.06836450818524,1,0,0,Lunch,Roti-Based,18.20652502896656
2024-07-09,584,383,14.200637605580797,15.430634757270095,30.68968619057094,99.9392890776218,0,0,1,Lunch,Mixed,4.925833611688011
2024-07-10,576,520,12.939538200549006,15.443440735245748,33.189669513686404,101.62509164833,0,0,2,Breakfast,Roti-Based,12.3047732482626
2024-07-11,482,626,7.3154265962929905,13.640832327365793,30.86541678934075,101.76522612864,0,0,3,Lunch,Roti-Based,13.858879578417717
2024-07-12,320,522,4.458816265721107,4.581020660946934,23.644011936000545,106.21093507968652,0,0,4,Breakfast,Rice-Based,12.884733523635859
2024-07-13,315,506,13.729515688590979,15.582807928561033,30.65551685323841,90.32445504973035,0,0,5,Lunch,Light Meal,15.463865581011094
2024-07-14,432,614,15.294754246381952,13.065194707993648,20.58366310205887,92.56669402691857,0,0,6,Lunch,Light Meal,16.934882786535614
2024-07-15,458,229,7.6812921877403,13.455362490064493,20.215405797551945,109.32191395691238,0,0,0,Lunch,Roti-Based,4.183420947553601
2024-07-16,558,414,13.606986872401649,8.444742606058075,23.875659629614702,113.41511850530182,1,0,1,Lunch,Rice-Based,10.687537512411179
2024-07-17,397,337,9.112356337007059,16.1891933423551,31.73094027374897,89.07798242101961,0,0,2,Dinner,Roti-Based,6.989945449447671
2024-07-18,336,489,14.83772389908712,13.880574003522861,22.18792020311913,99.92948663515655,0,0,3,Breakfast,Roti-Based,16.068499758411768
2024-07-19,517,299,5.585874948092956,4.688856997937917,19.07530795127755,91.42528758218761,0,0,4,Dinner,Roti-Based,1.5580170179828325
2024-07-20,364,312,18.02387004745114,9.11667051609244,20.239062098508036,86.80219505064947,0,0,5,Breakfast,Rice-Based,11.569293623080293
2024-07-21,424,485,7.173372736380435,16.295705429402126,32.59866446500286,94.76510014378407,0,0,6,Breakfast,Mixed,13.277206702329018
2024-07-22,506,551,8.620147779610752,3.707950525460685,28.774315840703892,89.31062875552638,1,0,0,Breakfast,Rice-Based,11.313823966585755
2024-07-23,433,569,3.045655137446296,17.42124929463074,22.304419777289603,106.29799220302739,0,0,1,Dinner,Roti-Based,14.12107697947521
2024-07-24,371,580,4.007219821782975,13.187438524793443,27.440029030579083,101.01176241014333,0,0,2,Lunch,Mixed,19.976611381908327
2024-07-25,351,476,11.285514248821906,12.47063966465065,26.968853581230956,89.31503412970933,0,0,3,Dinner,Roti-Based,12.52107252308857
2024-07-26,514,352,6.816668181103487,7.058388847319871,29.142411633491243,85.27724765216543,0,0,4,Lunch,Rice-Based,4.90016743255316
2024-07-27,573,495,17.0386440633595,6.731876831087656,21.964188425167478,109.24471147072637,1,0,5,Breakfast,Rice-Based,16.50900653705549
2024-07-28,359,483,2.264480995789169,17.130873292328932,32.69485078230476,90.28583218492743,0,0,6,Dinner,Mixed,12.736725894642191
2024-07-29,295,390,8.823692876094851,7.474086813511841,23.25926555536022,103.18649926662297,0,0,0,Breakfast,Rice-Based,15.295090985241417
2024-07-30,432,220,8.072219841843669,14.632579450784991,29.800238117596027,95.10765739230237,0,0,1,Dinner,Roti-Based,2.020961207257262
2024-07-31,379,532,2.3478973565168184,8.896826973106187,18.274118988327654,102.56457814945107,0,1,2,Breakfast,Mixed,11.268975180950228
2024-08-01,312,283,4.238631182009184,5.08881106177056,24.335171208200503,94.46960880946972,0,0,3,Lunch,Light Meal,3.804218959916367
2024-08-02,517,593,9.445568148535434,3.1607294654303844,23.97906690529974,87.60818682076763,0,0,4,Dinner,Roti-Based,10.663586308418504
2024-08-03,251,503,10.87156252005404,11.163860055228762,27.239235285911246,91.68850025673261,0,0,5,Dinner,Light Meal,14.486513488706933
2024-08-04,467,340,9.277215450587644,17.63668227823399,19.236516450212342,90.64175699437227,0,0,6,Lunch,Mixed,7.034997917015003
2024-08-05,494,326,11.55687821141769,8.537042907138067,31.43223335334384,97.84058057318931,0,0,0,Dinner,Mixed,7.134589537367919
2024-08-06,585,640,12.712370148302268,8.357885009895671,21.702273630048666,104.74851350278472,0,0,1,Breakfast,Roti-Based,13.559048303763854
2024-08-07,586,394,2.1786287803010413,8.161374267741632,29.509642852994173,92.91418224839073,1,0,2,Dinner,Rice-Based,4.078426041979808
2024-08-08,312,423,10.35371287016307,10.808157559572876,31.654606095149582,85.36209805901854,0,0,3,Lunch,Roti-Based,14.742992274986591
2024-08-09,300,384,19.34298633597659,9.609973251364403,27.551908256105722,100.5681209279427,1,0,4,Breakfast,Rice-Based,16.06520889122247
2024-08-10,312,524,11.342581042331878,16.19871940090522,30.595014514273753,103.17278468076915,0,0,5,Lunch,Rice-Based,20.237821000504233
2024-08-11,280,339,14.195760814261158,10.582811875852354,29.251625307655093,113.88611482005429,1,0,6,Breakfast,Roti-Based,11.734585846577666
2024-08-12,386,263,7.613549442503897,10.616367572828532,24.04400655158413,102.6841240927974,0,0,0,Lunch,Mixed,4.120490267844017
2024-08-13,312,531,15.931844806749726,5.075573920808349,31.75059516357061,99.13517678134426,0,1,1,Lunch,Roti-Based,18.224928699642998
2024-08-14,201,375,15.912586673770072,17.74109311365579,23.009923288053976,102.20204877693112,0,0,2,Lunch,Light Meal,18.823756290865322
2024-08-15,329,586,11.3833288577745,6.749593363032445,27.71061960177579,112.83701889586081,0,0,3,Dinner,Mixed,17.694588059642413
2024-08-16,419,426,19.568248819025843,4.1004610118940406,30.67176156540617,109.85134436804938,0,0,4,Breakfast,Rice-Based,12.132780880502287
2024-08-17,253,609,4.259903865727761,12.947193734628131,24.44225046681263,94.68936200091424,0,0,5,Lunch,Mixed,20.55351311806847
2024-08-18,542,327,2.305057968012458,11.93049555235309,23.147049329496227,92.11763090971412,1,0,6,Lunch,Roti-Based,3.8066514792235933
2024-08-19,423,470,15.862847811627727,9.227184809891185,25.808882172937984,92.8790083709822,0,0,0,Dinner,Mixed,12.141054678135955
2024-08-20,424,623,16.528799672567885,9.33288350821017,31.905379403935612,100.1326311914564,0,0,1,Lunch,Rice-Based,19.2526782446583
2024-08-21,584,589,4.163730124170373,14.775958815696468,33.8086699734763,107.32148353685733,0,0,2,Lunch,Rice-Based,14.142161383641172
2024-08-22,325,553,6.78049099325491,5.935689601494736,27.266418018618133,100.09657621548887,0,0,3,Lunch,Mixed,14.185134635873945
2024-08-23,329,349,2.3159425405993206,15.303799784173346,29.244925490502084,87.03389187484338,0,0,4,Lunch,Light Meal,8.239113502578821
2024-08-24,252,512,7.279554994050164,12.731206708425272,33.35565157806154,106.70742101319942,0,0,5,Breakfast,Rice-Based,17.84210444705829
2024-08-25,371,239,15.916553730536087,9.284546606692865,19.67529647402002,109.17910386012862,0,0,6,Lunch,Light Meal,8.692911720469146
2024-08-26,417,501,11.323289498826421,9.870429248758029,21.945335823724804,93.68493595359159,0,0,0,Breakfast,Rice-Based,15.099099772244234
2024-08-27,359,504,8.265720677029186,6.849708107791437,30.0513001062769,104.92377217850051,1,0,1,Lunch,Mixed,17.032453053268565
2024-08-28,397,220,8.691307308313945,14.281714990454622,32.0036558525091,97.7977570316318,0,0,2,Lunch,Rice-Based,4.344269389068441
2024-08-29,446,338,2.024365262878427,10.693121134579016,32.56949348161982,111.67358067182329,1,0,3,Lunch,Light Meal,7.129649766680158
2024-08-30,523,254,7.396409496174246,7.812818141247654,25.056822006533853,110.3567667448222,0,0,4,Breakfast,Light Meal,1.7084726625625621
2024-08-31,402,417,13.636257349482749,11.940751736414253,19.518778338961738,100.76295994928927,0,0,5,Dinner,Mixed,13.333779261321265
2024-09-01,383,464,19.53549998869443,17.936016780769847,25.442285114093536,105.74516637440783,0,0,6,Dinner,Light Meal,16.41874610650178
2024-09-02,322,278,17.24709488571019,9.528934194848308,21.922488033519915,111.50049103066311,0,0,0,Breakfast,Light Meal,9.9638429634843
2024-09-03,600,544,2.4247093636195243,16.810371011679294,22.95033973494261,99.87151030234827,0,0,1,Lunch,Mixed,6.845283121217733
2024-09-04,454,380,18.17409088414711,8.175252598868491,31.128548466237596,94.39752221466466,0,0,2,Lunch,Rice-Based,13.451685600623748
2024-09-05,493,398,16.097571439375265,3.8209906038747885,19.283960462440078,107.60998413728744,0,0,3,Breakfast,Mixed,8.09698502746346
2024-09-06,479,425,16.046770224277648,6.063631595526433,32.068880697171934,91.60198764354075,0,1,4,Lunch,Rice-Based,11.088560797713445
2024-09-07,524,231,10.243923662064287,9.280427149915262,25.270374459010874,96.65593444018126,1,1,5,Lunch,Rice-Based,2.3038021075804873
2024-09-08,571,495,9.16409527318105,6.294523928918535,28.133086828710116,110.97181711320381,0,0,6,Dinner,Rice-Based,10.506348351714895
2024-09-09,297,400,7.452483118997467,3.003405573273833,19.524087931006544,106.73267020807945,0,1,0,Dinner,Roti-Based,12.474547924543737
2024-09-10,397,461,3.182507461178584,16.72502306621291,23.735104332073753,97.11433015742497,0,0,1,Lunch,Rice-Based,11.95105561800988
2024-09-11,594,435,6.1082365428865835,15.658191168463935,19.52491562325238,91.44233507225073,0,0,2,Lunch,Mixed,2.9947939269752286
2024-09-12,439,470,6.438865429604443,14.134383472304206,34.34624328897886,95.6790517249671,0,0,3,Dinner,Mixed,10.493365151296613
2024-09-13,343,518,10.713387254783628,5.51721893469043,31.72344803854626,93.52312447682299,0,0,4,Dinner,Mixed,15.80341899063757
2024-09-14,296,345,15.453999318740491,4.805453643149791,25.813756824059823,90.28267863831562,0,0,5,Dinner,Roti-Based,11.260730080891701
2024-09-15,400,436,10.52857691116304,4.014071242085747,21.801243321502408,107.2999874069697,1,0,6,Breakfast,Light Meal,11.444084611381403
2024-09-16,323,525,3.041200090048891,13.860437831593819,33.868736789247485,92.56209660550515,0,0,0,Breakfast,Roti-Based,14.051009964441452
2024-09-17,386,504,19.24021641778767,16.93211941031828,23.85814212735852,98.6250241050329,0,0,1,Lunch,Mixed,16.225559548957616
2024-09-18,525,404,18.96903774369402,9.458037313695556,20.73673533868537,96.57578340508327,0,0,2,Lunch,Mixed,11.406155900549757
2024-09-19,548,258,16.133411776671352,4.787110079940723,27.573794603717232,114.46232135906892,0,0,3,Breakfast,Light Meal,0.5
2024-09-20,458,442,19.84390222815597,10.685892310981599,34.04416004586187,96.73276732444661,0,0,4,Breakfast,Roti-Based,12.673285855502009
2024-09-21,347,403,11.800681990404733,8.232478611879452,18.065114938505484,87.39947448390265,0,0,5,Dinner,Mixed,10.060342770819743
2024-09-22,451,646,19.32983030455771,8.622373865249966,22.048122335317977,87.69477257716252,0,1,6,Dinner,Rice-Based,22.85674928195477
2024-09-23,545,397,3.360890731101514,12.31995936233561,33.95360988697693,102.72261164059194,0,0,0,Lunch,Rice-Based,6.724204587847157
2024-09-24,346,626,8.582253468704684,13.780771698933036,20.908461436571756,102.98090655214797,0,0,1,Dinner,Mixed,19.6742632055929
2024-09-25,347,647,6.056862824121785,4.6590539830974125,19.925138677876937,97.56276971447966,0,0,2,Lunch,Rice-Based,19.65815667000107
2024-09-26,551,513,5.524995514416861,3.533853462097146,27.693182668596677,97.95531076936089,0,0,3,Dinner,Light Meal,4.724872816206877
2024-09-27,398,559,4.53445308006817,17.914954540285724,32.65134499601211,86.61797748522613,0,0,4,Lunch,Mixed,15.403799012683741
2024-09-28,507,370,13.20344554818794,6.490925233733277,26.110866900796744,100.49639531167787,0,0,5,Breakfast,Roti-Based,4.971779378934768
2024-09-29,327,603,16.06379340345149,3.8074578736268863,34.90759236363692,100.14218426141055,0,0,6,Lunch,Mixed,21.55391191029392
2024-09-30,238,345,12.409371189566492,5.8481299364387995,29.545918892145878,89.48647955670833,1,0,0,Lunch,Light Meal,13.158330791622312
2024-10-01,537,520,4.645328772587774,3.5843676952269634,19.25927342257761,88.11518158332782,1,0,1,Lunch,Roti-Based,9.884993960873432
2024-10-02,559,527,16.600227858802477,8.877163419257574,34.87814623859358,88.70717471798471,0,0,2,Breakfast,Light Meal,10.443924753908012
2024-10-03,328,555,13.447184728947112,15.036026766769863,24.93420202526324,88.03084739473776,0,0,3,Dinner,Rice-Based,20.904811241622756
2024-10-04,466,453,8.986982710285918,8.11866674636581,22.885843075373202,103.2912458661028,0,0,4,Lunch,Rice-Based,8.981007534117259
2024-10-05,350,599,14.134345319649134,9.662751103175498,27.483946120824054,90.89447957208756,0,0,5,Breakfast,Rice-Based,18.563344286442167
2024-10-06,497,594,6.678289626370991,13.133801603511582,23.173229060954693,92.5429045656239,0,0,6,Lunch,Light Meal,12.934228709699232
2024-10-07,298,227,8.213459752895789,10.633411051048203,19.46977762104259,90.20716432454319,0,0,0,Lunch,Light Meal,3.7919219378473543
2024-10-08,462,560,18.514745176375826,15.921685290319862,18.024281832346006,113.7350591334551,0,0,1,Lunch,Mixed,19.90257030855911
2024-10-09,451,348,7.229081102085567,15.990535125686348,25.64291699964446,110.63852389455506,0,0,2,Dinner,Roti-Based,6.987187922063098
2024-10-10,343,483,10.459788826842859,3.1486604323673046,32.226678177852065,91.91484512054562,0,0,3,Lunch,Roti-Based,11.15327339498677
2024-10-11,545,376,18.022540473128263,14.670694597247987,27.729358155711303,94.82698881766377,0,0,4,Lunch,Light Meal,6.3537077564487054
2024-10-12,311,571,14.738984304815494,9.91100400362511,34.98652408203849,91.29678526914992,0,0,5,Dinner,Light Meal,19.811857492228583
2024-10-13,259,577,3.1196580709646495,17.832608119554948,22.8763929760024,99.75627878382471,0,0,6,Breakfast,Rice-Based,16.39655691845228
2024-10-14,568,224,4.651454797021466,10.248481138131528,22.767736100920942,85.58831597422761,0,0,0,Lunch,Light Meal,0.5
2024-10-15,201,305,2.1411486338945025,17.803439180824462,20.71574082397705,105.14104026690387,0,0,1,Dinner,Rice-Based,14.163031212952683
2024-10-16,584,394,13.356592224124942,14.318540418086048,20.7890810005107,100.69474449452925,0,0,2,Breakfast,Light Meal,6.07193053462057
2024-10-17,503,509,10.05812165738753,6.729073269199595,22.848172132170813,111.9591678490331,0,0,3,Lunch,Roti-Based,12.156297654596456
2024-10-18,453,412,4.416947316240959,11.075924689304365,31.478280769649963,89.93178052985242,0,0,4,Dinner,Mixed,8.373789335265284
2024-10-19,339,530,19.242814179021867,17.88203459217874,33.397865440819615,109.12327738183396,0,0,5,Lunch,Light Meal,20.002870813885
2024-10-20,236,338,11.533875031021157,15.862959116278855,34.57648188503058,108.75883043400147,0,0,6,Lunch,Rice-Based,12.424741675597256
2024-10-21,359,437,6.354079294032005,4.460503406868316,21.948924119639695,88.81543567650661,0,1,0,Dinner,Mixed,9.182136763556809
2024-10-22,208,646,11.010864280784736,13.595579952149942,32.982058275439556,96.95677672432383,0,0,1,Breakfast,Rice-Based,23.296566846381673
2024-10-23,432,633,14.23316598923194,8.183693788062197,23.58033651771473,90.1045792343355,0,0,2,Breakfast,Rice-Based,19.58894781620591
2024-10-24,298,333,3.3723059235241606,3.1047339282052215,19.918289256787034,92.64161501372647,0,0,3,Dinner,Mixed,8.047674023467811
2024-10-25,346,364,6.944668670862056,9.052214535404994,32.790423733842815,92.89738524491634,0,0,4,Dinner,Mixed,7.881517049579092
2024-10-26,503,245,16.525378835911887,6.52131632587457,28.813795788941515,101.68709182077319,0,0,5,Lunch,Mixed,3.7112028446540575
2024-10-27,407,355,10.273967667247902,15.283039057807073,20.80042523337805,97.34232795281396,0,0,6,Lunch,Light Meal,8.79466327755666
2024-10-28,330,522,11.838388556581307,8.059959132686483,25.307131377721042,113.43198412018916,0,0,0,Dinner,Mixed,17.338080455859394
2024-10-29,351,451,9.790688039770448,15.412855409307257,22.88338081291015,88.79110425841016,0,0,1,Dinner,Light Meal,11.938441694947745
2024-10-30,253,588,2.790198967574092,3.0089690825219297,30.52550766807335,114.21076404550597,0,0,2,Lunch,Roti-Based,19.719367466153265
2024-10-31,319,295,4.983496036762807,7.6172872503917874,25.708075920612558,91.91915920642792,0,1,3,Breakfast,Roti-Based,8.06208390892732
2024-11-01,360,547,10.019749497354036,6.61747821461643,34.81775906680855,108.1862180914556,0,0,4,Lunch,Rice-Based,16.91149486297398
2024-11-02,315,564,5.765338377342701,6.503510416029165,18.930664698413118,95.16909778518465,0,0,5,Dinner,Rice-Based,15.923822236436203
2024-11-03,274,521,2.899622515874217,4.02279929648194,24.035259524316196,89.29244186251941,1,0,6,Dinner,Light Meal,13.380791611305622
2024-11-04,312,508,17.185693952932827,5.806864056157526,26.192302840869615,110.7366755573872,0,0,0,Dinner,Rice-Based,19.323390659605764
2024-11-05,303,220,19.661465524954085,11.333243548284297,26.553270430721437,94.2658269770939,1,0,1,Dinner,Roti-Based,9.850063374572981
2024-11-06,539,366,16.27657173194131,7.370416092566167,23.370908980555825,104.76566212680527,0,0,2,Lunch,Light Meal,6.583279113060857
2024-11-07,453,506,17.36812859068401,9.26092173493722,30.397084234658656,101.9933105525988,0,0,3,Lunch,Light Meal,11.178388590028748
2024-11-08,426,361,6.355588345706817,8.653003205207828,32.87070024931257,99.15268928172623,0,0,4,Dinner,Mixed,6.293693985559618
2024-11-09,311,272,19.291285559237597,16.13857387499842,33.95822813362367,99.87458417945618,0,0,5,Dinner,Light Meal,11.0914519642742
2024-11-10,298,523,5.544662680161711,16.579484985157734,31.686587405591943,106.96713742276863,0,1,6,Lunch,Rice-Based,20.564699614197615
2024-11-11,352,288,19.125736586512982,10.394354574837902,32.45986335421219,87.63318742370322,0,0,0,Breakfast,Roti-Based,8.218433303467998
2024-11-12,548,580,19.90674729138712,7.952339254734066,27.359270110539924,105.04541985873715,0,0,1,Dinner,Rice-Based,14.135558973391664
2024-11-13,583,309,14.811010503428877,4.602010560035454,32.040099849255846,111.87436304195737,0,0,2,Lunch,Roti-Based,3.7457631778253146
2024-11-14,565,439,19.660587172252793,17.301043190731427,23.15956645551519,86.73364591059592,0,0,3,Lunch,Mixed,11.471645974277353
2024-11-15,537,411,12.251716032207867,3.9034041735044616,24.774138955856646,89.21960017701001,0,0,4,Lunch,Roti-Based,3.401944280221725
2024-11-16,393,282,6.671752097169626,7.464754163524207,23.387521234915255,106.49895810106094,0,1,5,Lunch,Mixed,3.791195515431424
2024-11-17,509,292,9.865925941981175,7.470993017550063,25.94558470261473,98.11844944733852,0,0,6,Lunch,Rice-Based,2.903400510892507
2024-11-18,362,380,12.684096836818147,7.806019292103223,22.854853476056817,97.10645862441065,0,1,0,Dinner,Mixed,11.875070172964943
2024-11-19,407,388,3.3154681164862696,5.4643026490861395,34.3473945183256,89.10899903632708,0,0,1,Lunch,Light Meal,7.6407886198565915
2024-11-20,368,308,13.20217876311043,14.747421463855458,23.31835867609636,100.20310122153364,0,0,2,Breakfast,Light Meal,7.376552971555633
2024-11-21,360,395,19.6612010617213,4.837467929489838,19.666757147885978,88.79635933589131,0,0,3,Lunch,Roti-Based,13.050873968228437
2024-11-22,267,488,5.421937696107097,12.523599887297442,26.955891822857026,99.29861368931621,0,0,4,Dinner,Rice-Based,13.56696963711493
2024-11-23,488,292,16.2667120931909,4.857690400587262,18.970684333568,107.9084589688497,0,0,5,Dinner,Rice-Based,6.729331398416287
2024-11-24,597,464,18.34217828803315,4.058034563894348,19.87923382724587,92.7479307366149,0,0,6,Dinner,Roti-Based,10.599054897853774
2024-11-25,476,296,18.986628670763974,16.641442555288148,21.729619616336187,99.42358504539182,0,0,0,Dinner,Light Meal,8.173777589083393
2024-11-26,503,378,19.28244087929805,5.851931494780585,25.893954247996408,114.76047908190507,1,0,1,Breakfast,Mixed,10.198290839861444
2024-11-27,583,543,11.386273496986496,15.318752318395564,25.365265849253475,105.59951270062112,1,0,2,Breakfast,Roti-Based,15.482417253300762
2024-11-28,591,317,19.591542343847067,11.169463066607037,31.594761654047453,110.24070313915595,0,0,3,Lunch,Mixed,6.864306188997274
2024-11-29,334,600,15.6315837284199,4.167847794131545,30.571069116029925,97.44542819681638,0,0,4,Lunch,Mixed,19.801253715328208
2024-11-30,394,321,4.910085852265314,17.33172287157101,25.24741099784192,108.03582769377566,0,0,5,Dinner,Rice-Based,7.119204027610632
2024-12-01,600,351,10.58420191642346,6.704417504878387,23.67297152878571,86.21527518823966,0,0,6,Lunch,Light Meal,2.2954099435240494
2024-12-02,327,321,14.929961156696072,15.894680180289097,23.379969329045476,88.68733547626735,0,0,0,Dinner,Mixed,10.738343570595234
2024-12-03,232,238,6.4521256847435,5.532150086768462,31.157916483998154,91.09211778760186,0,0,1,Lunch,Light Meal,6.182915561224316
2024-12-04,375,301,13.531073303879973,15.809143232127793,18.885230905761585,97.05855773845659,0,0,2,Lunch,Rice-Based,10.336301656861767
2024-12-05,570,616,13.998808622839146,3.1984321935794098,18.217968041680297,110.3723463497729,0,0,3,Lunch,Roti-Based,15.190397698415905
2024-12-06,574,498,4.928595388554186,10.67670684854221,31.524254662753016,95.38798152363792,0,0,4,Lunch,Roti-Based,6.645430366477357
2024-12-07,221,558,12.171535624149612,14.541638691323351,26.111488391813836,104.63863580546388,0,0,5,Lunch,Rice-Based,22.526313764733935
2024-12-08,437,584,15.889284397614938,17.02193276239175,20.22497935541079,106.2794288441045,0,0,6,Lunch,Rice-Based,21.134818880878715
2024-12-09,357,550,10.980121961646955,16.638032043097304,22.004620888106523,102.58547062265023,1,0,0,Lunch,Mixed,19.696005464689247
2024-12-10,237,348,2.2178561019699337,15.294373043214673,33.85256720265551,95.71725904510409,0,1,1,Lunch,Rice-Based,12.775632582504855
2024-12-11,429,563,2.162692443427259,16.322870244919564,32.61155058562326,102.31160025140633,0,0,2,Breakfast,Roti-Based,13.375748719795576
2024-12-12,564,529,8.42652819146022,5.988295287556148,30.066345853807533,95.26796778369238,0,0,3,Lunch,Light Meal,8.205867468074446
2024-12-13,250,308,18.671493231772075,7.2627644356759316,26.19782891573455,87.51621215656036,0,0,4,Lunch,Light Meal,12.591085701072943
2024-12-14,463,432,6.116182032864958,7.334527873815878,26.845501645253556,114.78411934558044,0,0,5,Breakfast,Light Meal,10.691993558747123
2024-12-15,482,362,13.418546399690369,8.655808965025482,34.5791570998273,88.81547360897532,1,0,6,Lunch,Light Meal,5.411592874448864
2024-12-16,226,284,5.99736567247977,8.89981005577783,34.41809754603288,87.17045151508172,0,0,0,Lunch,Rice-Based,7.4584613810325715
2024-12-17,425,295,7.790059813871875,11.168329869820132,21.65957377835918,111.35592247621467,0,1,1,Lunch,Rice-Based,7.5127065119757805
2024-12-18,476,418,17.264757612826713,5.398196450496621,31.788777627190406,94.05503982678685,0,0,2,Breakfast,Light Meal,9.32573381237009
2024-12-19,485,362,15.119505960859044,13.36869995678984,21.353125324839286,104.50890922220523,0,0,3,Lunch,Rice-Based,9.608470312326292
2024-12-20,296,624,3.7171869916377913,5.513498089567597,21.630137124027172,94.87017188986698,1,0,4,Lunch,Mixed,18.622744731697434
2024-12-21,483,622,9.716636377755805,7.654627231568213,29.493581580797805,96.74362812383413,1,0,5,Lunch,Rice-Based,15.662125228111735
2024-12-22,566,535,2.52505574561476,10.550176959092312,24.885018675988324,92.8633891605039,0,0,6,Dinner,Mixed,7.740940321224611
2024-12-23,516,312,10.656022638854163,14.94660842285216,33.836254920810845,95.29132017379031,0,0,0,Lunch,Mixed,6.743636211675128
2024-12-24,503,636,13.923812210619225,14.092038498580909,19.51316549323215,97.32101201759629,0,0,1,Lunch,Rice-Based,18.712992008028145
2024-12-25,346,524,4.133047224766728,12.683015346157834,26.69593589376138,106.61248207277029,0,0,2,Dinner,Light Meal,15.244359366429755
2024-12-26,203,443,7.1999289003649825,5.336598908702552,33.61486601753306,100.34608582704375,0,0,3,Lunch,Mixed,13.366020779975061
2024-12-27,234,510,9.161059259038826,11.205680184233666,33.36993222815158,113.30695651470931,0,0,4,Dinner,Rice-Based,21.687947056216053
2024-12-28,391,647,18.551558443808894,4.311697526998282,20.6609966280676,86.25641181516326,1,0,5,Lunch,Roti-Based,20.405236534255128
2024-12-29,248,321,19.878590277613352,8.660447651949761,24.23284090163976,100.09204967896085,0,1,6,Lunch,Light Meal,14.94715104275304
2024-12-30,216,486,2.808403381921085,9.202747954349388,28.525063800793838,102.52674366495154,1,0,0,Dinner,Roti-Based,16.706519554089244
2024-12-31,371,574,15.698142622917057,3.5971715916863074,20.709713041113837,112.60590958222822,0,0,1,Breakfast,Mixed,17.438091980646416
2025-01-01,419,329,8.691033195242177,7.109821492049577,34.45637692477756,86.47475570864283,0,0,2,Lunch,Roti-Based,6.177492297226265
2025-01-02,357,549,9.064247352130641,17.33474200899734,33.55073858837022,102.20498754805648,1,0,3,Lunch,Rice-Based,20.9651868052017
2025-01-03,245,649,15.576769520246408,17.304489117445343,20.838153043585976,110.6088978558387,0,0,4,Lunch,Light Meal,29.68030602953313
2025-01-04,572,484,18.531675778617355,8.28490581378809,20.05964284143675,92.2578318435771,1,0,5,Lunch,Mixed,13.505702091302599
2025-01-05,205,222,19.116714701045872,3.646501634224861,19.45194420774051,111.28877045571812,0,0,6,Lunch,Rice-Based,12.497269286898698
2025-01-06,298,304,12.388206548689775,5.686424089922723,33.46054228862273,85.57130227822876,0,0,0,Dinner,Light Meal,9.683921309267838
2025-01-07,579,501,8.42818086740905,8.883266901503102,21.291604766522834,106.9736388740119,1,0,1,Dinner,Mixed,11.44183422619451
2025-01-08,432,547,16.175883545458028,17.216695469538447,25.07684378525403,112.99339663505958,0,1,2,Lunch,Mixed,19.602767869527717
2025-01-09,236,523,6.5180248987214044,5.117985953057774,25.630473216084052,104.71592984920187,1,0,3,Dinner,Mixed,19.0612294055615
2025-01-10,479,631,12.15333251900332,14.452737655023183,28.183187751630648,98.17087731941344,1,0,4,Lunch,Mixed,20.85559293295921
2025-01-11,548,336,8.454412307447717,4.630238090620381,19.219500843706225,86.34643049418155,0,0,5,Lunch,Roti-Based,4.062373288175874
2025-01-12,501,440,13.81935932674177,17.718863660869154,21.85489649580877,112.60341439967885,0,0,6,Dinner,Roti-Based,9.802690051062429
2025-01-13,380,373,6.327180432083124,8.724247486637026,33.835336577621746,99.10888668074725,0,0,0,Dinner,Roti-Based,5.326998097976739
2025-01-14,294,372,5.448673023226863,14.62851808348584,33.442971823565685,85.86990233007845,0,0,1,Dinner,Mixed,13.187664789375436
2025-01-15,298,231,18.528303560157866,8.138866242166976,31.28194100589677,105.69463213986286,0,0,2,Breakfast,Roti-Based,7.852858817865634
2025-01-16,387,352,3.832466293091664,12.41503315738213,18.32982117550966,99.45511760728775,0,0,3,Lunch,Light Meal,4.269051733113996
2025-01-17,315,523,11.107242339228769,5.880241271100551,23.559115064433737,88.73035952327233,0,0,4,Dinner,Mixed,13.359490034861263
2025-01-18,390,512,5.975350093334161,5.190315289454438,28.675298500829435,91.42815427930779,0,0,5,Lunch,Light Meal,13.860566295517284
2025-01-19,452,519,2.700739339862014,17.07096209352197,22.678233600149085,86.9347204136754,0,0,6,Lunch,Light Meal,12.383222259002002
2025-01-20,360,447,2.6483387292456753,16.7647091685665,33.46297381591421,102.2288061912572,0,0,0,Lunch,Roti-Based,10.688956478179765
2025-01-21,455,490,5.153991897904892,16.312034103193234,28.77612085115151,103.66088437756028,0,0,1,Dinner,Mixed,11.099408254261482
2025-01-22,522,262,17.601866381108003,12.381501752498902,19.222414194379574,100.17226895066334,1,0,2,Lunch,Roti-Based,6.466045953592928
2025-01-23,327,562,7.08461739158648,15.124023168244173,33.45309501020695,109.51306399007845,0,1,3,Lunch,Roti-Based,20.314798157457695
2025-01-24,217,545,19.108265070355323,4.035554053670624,34.28203318899578,110.83026463924041,0,0,4,Breakfast,Roti-Based,21.181789275711772
2025-01-25,480,521,12.469201273805483,8.021835628360186,19.321111112659334,103.4687319004938,0,0,5,Lunch,Mixed,12.039834372228587
2025-01-26,422,583,9.85905541583779,7.705546871357344,27.050123992642355,85.38269439122291,0,0,6,Dinner,Mixed,16.97170361747626
2025-01-27,253,598,12.441599024050182,12.5346798292892,23.157192797640896,105.85688967243206,1,0,0,Breakfast,Roti-Based,23.539934042895986
2025-01-28,257,646,11.30057093407282,8.339366602059608,24.67826430018384,97.53997650761055,0,0,1,Lunch,Light Meal,21.357204787452062
2025-01-29,522,240,15.657972567631854,5.227601724655212,21.05407070524081,101.96672449679161,0,0,2,Lunch,Light Meal,2.559768032210285
2025-01-30,559,626,7.0849291875113405,11.947006131203155,27.827225734211012,104.47241806056653,0,0,3,Breakfast,Mixed,10.92427913746272
2025-01-31,373,326,8.354907048805444,15.215758810036222,34.285649005231136,95.5070984298123,0,0,4,Lunch,Rice-Based,10.166110015616018
2025-02-01,479,555,18.09369744559851,8.731852416899597,26.552234204617356,112.51295515515383,0,0,5,Breakfast,Roti-Based,16.741372123655175
2025-02-02,313,522,19.036217236707298,4.984030726477226,19.40954788370618,89.01924600249343,0,0,6,Lunch,Roti-Based,15.645066333331378
2025-02-03,487,336,18.066048094756542,5.950322959692346,28.54002266911594,105.14535421843112,0,0,0,Lunch,Rice-Based,5.4886334956286635
2025-02-04,541,343,9.550063891231645,6.56224957754076,23.78379090567137,85.13078739869741,0,0,1,Dinner,Mixed,2.7161582484838025
2025-02-05,350,618,16.04657905412387,7.498463894918043,32.55072822305206,112.73953316215542,1,1,2,Dinner,Light Meal,22.97770786216488
2025-02-06,326,500,10.574043199419778,12.641926057594636,25.389528521379994,88.37512399714275,0,0,3,Lunch,Mixed,16.512909657346835
2025-02-07,354,511,10.955717338629839,12.014182268065785,21.278273352018175,87.84652690442724,0,0,4,Breakfast,Light Meal,17.294482451112074
2025-02-08,585,422,5.684241963031111,13.441197923505587,21.248795585749463,94.99022899156734,0,0,5,Dinner,Light Meal,5.113250521804949
2025-02-09,472,270,12.640345458653297,8.437529767972698,31.068991072259728,96.20698858117242,0,0,6,Lunch,Mixed,2.3796491441950782
2025-02-10,303,490,5.350446159560263,15.359964778199675,22.514989171225118,91.42900216968636,1,0,0,Breakfast,Roti-Based,16.032829724250472
2025-02-11,592,543,7.968164583209488,6.061314917336404,31.04296770070679,102.55364982781374,0,0,1,Dinner,Roti-Based,6.961893259059354
2025-02-12,498,496,17.390543629158834,10.03561121277231,21.50008428303219,98.28742294125891,0,0,2,Lunch,Roti-Based,12.797126918503496
2025-02-13,445,360,5.727364565795394,15.014080823121455,23.46866826792226,86.02526767123263,0,0,3,Lunch,Light Meal,8.250402377436604
2025-02-14,375,494,3.280849133121791,5.702379715989289,25.91327853147489,94.58956186765901,0,0,4,Lunch,Roti-Based,11.512177367409725
2025-02-15,238,509,3.2421366670306933,4.647946706111744,34.03432944478866,109.31298740719512,0,0,5,Lunch,Light Meal,13.55857264240438
2025-02-16,369,553,18.93412136905594,16.255259515319846,33.83943422081502,105.69104604585606,0,0,6,Dinner,Roti-Based,21.17744131034708
2025-02-17,446,600,11.124567883313023,8.14394494138794,21.516821882178892,106.74612560739641,0,0,0,Lunch,Mixed,15.419331132010758
2025-02-18,225,592,9.36941729270633,13.25805187363548,24.089723701132236,105.9435077225057,0,0,1,Breakfast,Rice-Based,18.650009626026026
2025-02-19,554,271,16.59581445814253,3.380229063959077,20.53978960371413,94.329190641491,0,1,2,Dinner,Light Meal,0.7127319110140244
2025-02-20,505,246,17.04486670238929,13.350703326141744,26.66974634832945,87.98991766230327,0,0,3,Dinner,Mixed,5.475857985217215
2025-02-21,212,376,7.9794385960808825,7.741519673204558,25.829903361809333,93.17401552099288,1,0,4,Lunch,Light Meal,14.687600194746356
2025-02-22,515,458,14.485125034528314,3.836112803811626,33.31292276166245,109.95355900555478,0,0,5,Lunch,Light Meal,11.742373961364223
2025-02-23,590,375,15.880210685333958,12.147191423221756,33.81009142244824,114.41412393349214,0,0,6,Breakfast,Mixed,8.156835891089262
2025-02-24,512,510,13.783712363587181,6.612057241097599,24.520645647123963,99.81541044224684,0,1,0,Dinner,Roti-Based,14.520880515098455
2025-02-25,235,355,4.728711346401789,8.8021086307782,26.35954503132282,85.29101064769127,0,0,1,Breakfast,Light Meal,10.585815293181085
2025-02-26,372,363,17.76589550330703,4.208712184297704,33.236016235484264,89.20134436402687,0,0,2,Breakfast,Rice-Based,12.550668928120771
2025-02-27,219,325,11.703701949248156,5.20744876642418,31.714032731666045,94.66241725948797,0,0,3,Lunch,Rice-Based,13.891677758322421
2025-02-28,520,639,7.084503674660066,7.4696585324376565,18.062157292859037,102.3575604577885,0,0,4,Breakfast,Mixed,15.309110961827512
2025-03-01,463,377,9.65410733787849,4.3463925084023565,23.441012591120902,87.25280937415943,0,0,5,Breakfast,Rice-Based,8.487896160531351
2025-03-02,599,365,2.6762796271803326,16.66239397029473,25.17016211291414,113.30071896129644,0,0,6,Lunch,Mixed,2.919561866590826
2025-03-03,341,221,4.301602422003516,3.0907056477596764,21.90517682261494,95.95251019853202,0,0,0,Breakfast,Mixed,0.5
2025-03-04,570,296,15.779841509285495,10.257903282964671,21.39271747023096,112.37752653774469,0,0,1,Breakfast,Light Meal,4.866743727028109
2025-03-05,342,351,2.0002094255965908,4.848711871988272,18.642336612126556,108.41565408271066,0,0,2,Breakfast,Mixed,7.703599161673068
2025-03-06,291,309,9.498184912681259,7.615186342169228,28.93728532618593,107.66311817546743,0,0,3,Lunch,Mixed,8.40610932139442
2025-03-07,553,564,11.405183259540593,16.890893397273985,22.462674938213816,103.20158739346695,0,0,4,Dinner,Roti-Based,11.94911855055866
2025-03-08,521,569,2.9834195600175013,5.425418299109802,18.889902033332323,103.80351451155533,0,0,5,Dinner,Light Meal,9.718262458128354
2025-03-09,487,482,19.515406933501993,17.48748479577499,21.926648278977083,104.14009705648745,0,0,6,Lunch,Rice-Based,17.288105850043358
2025-03-10,414,570,6.070255962494095,6.0869156548413255,31.632537198214152,103.86164161076746,0,0,0,Lunch,Roti-Based,14.572790692652072
2025-03-11,541,327,7.475576953453055,14.123491627002444,32.47531608799129,101.61184694195083,0,0,1,Breakfast,Roti-Based,2.522377285496879
2025-03-12,250,293,7.470965220590492,11.200158973459676,26.212126168286147,114.59242055448667,0,0,2,Breakfast,Light Meal,8.376942663992493
2025-03-13,352,258,6.147499918112298,16.267180913951385,25.073201396947667,106.96871702277087,0,0,3,Lunch,Light Meal,7.110662871896878
2025-03-14,385,616,2.0265287975536053,11.309898832546963,34.62351278953029,108.30839165177564,0,1,4,Lunch,Roti-Based,17.24630325944205
2025-03-15,262,378,15.128206293583935,11.01838828734463,21.40959921299719,111.17388445251022,0,1,5,Dinner,Light Meal,16.959325795763142
2025-03-16,389,290,19.403218996387135,5.931870005525998,21.661107808528342,91.46919288177547,1,0,6,Lunch,Light Meal,8.606199505719456
2025-03-17,324,531,6.037282699130811,5.49344043077488,22.961742009618796,87.51412477285183,1,0,0,Lunch,Mixed,17.004725088014734
2025-03-18,349,460,13.934849452461604,16.747337266732714,20.936874410778486,99.48683309795796,0,0,1,Breakfast,Light Meal,15.324920873959067
2025-03-19,513,645,15.354133885256871,7.917572982750511,24.449215169471174,100.4224208685782,0,0,2,Dinner,Mixed,16.372449741223335
2025-03-20,257,517,17.271656823629446,8.581233824443439,33.48418185882581,109.87545339849753,0,0,3,Lunch,Roti-Based,21.355006198182593
2025-03-21,541,255,9.607325546244965,14.397354876425826,28.460913290685763,98.31350737847006,0,0,4,Dinner,Roti-Based,0.6053675612081957
2025-03-22,504,303,7.452756301527726,8.08235223634211,25.00309132640848,102.12559076632938,0,0,5,Lunch,Rice-Based,4.05354881227658
2025-03-23,379,593,7.85531241241456,17.28093669958504,33.88498350771065,100.81212815540376,0,0,6,Dinner,Light Meal,17.89149581307425
2025-03-24,369,482,14.82718399577323,14.068916534982005,18.823891952088978,86.14608351272173,0,0,0,Dinner,Roti-Based,15.172348778981545
2025-03-25,525,529,16.70203039710145,11.961438638601301,21.574695024331643,103.45644689790743,0,0,1,Dinner,Mixed,15.91735397295504
2025-03-26,470,604,5.269051419618847,16.213427408171285,27.6201062867299,109.84129857322756,0,1,2,Lunch,Roti-Based,17.465975938534257
2025-03-27,253,391,8.676938146839774,3.744088625242241,28.464394594284045,89.72501644227411,0,0,3,Lunch,Light Meal,11.48104256062487
2025-03-28,300,595,18.2349235414847,6.855940382838131,18.672477611564425,102.82995201779786,0,0,4,Lunch,Rice-Based,22.38255781628255
2025-03-29,463,392,16.520483354505306,9.97554501331365,24.851658884421248,102.80831633339243,0,0,5,Dinner,Rice-Based,13.993078232393747
2025-03-30,252,581,19.727451249724567,6.404678092072816,29.035617402124835,89.92554892169076,0,0,6,Lunch,Roti-Based,24.028193838522267
2025-03-31,259,266,15.576468674277454,14.158577809532279,29.867199288857826,88.70390721192209,0,0,0,Breakfast,Rice-Based,13.266956126424255
2025-04-01,307,598,9.0775136185026,16.78812046580588,28.848378342776577,114.40155828929454,1,0,1,Lunch,Light Meal,23.044594606473833
2025-04-02,204,360,12.63148101190348,9.356551798963851,23.449574814135715,96.81157508959113,1,0,2,Breakfast,Light Meal,14.129830401024392
2025-04-03,302,594,13.898256576451764,8.131989001678424,19.58984210116446,91.82265186170588,0,0,3,Lunch,Rice-Based,20.63516204139922
2025-04-04,395,625,3.4122046937082313,17.423260982063496,25.260911589128682,90.13973633363125,0,0,4,Lunch,Mixed,18.567634412591847
2025-04-05,461,337,11.800945263869572,9.672786492413113,20.188825435256945,105.02805140749706,0,0,5,Lunch,Rice-Based,9.523334502083118
2025-04-06,564,496,14.767774912506972,10.335726006739248,34.10960219485134,103.28335891981837,0,0,6,Breakfast,Rice-Based,13.226883737033589
2025-04-07,571,433,5.011783472019086,8.27474808512858,26.07790472238468,104.30656368962252,0,0,0,Dinner,Roti-Based,6.082190648301746
2025-04-08,549,439,16.05137091366003,16.643227095182077,23.393405964066748,87.64018082534356,1,0,1,Dinner,Mixed,15.29060282446967
2025-04-09,246,612,12.50791004925401,11.534332249227761,31.027169209021302,111.80603750495311,0,0,2,Dinner,Rice-Based,23.59809875027663
2025-04-10,554,245,19.139992142556704,14.432618807724669,26.465126073898485,96.67799190427145,0,0,3,Lunch,Roti-Based,5.740425787248387
2025-04-11,510,228,2.7636013677240507,15.177100775263295,23.27057840821165,94.40108219291074,0,0,4,Dinner,Roti-Based,1.2077039231875504
2025-04-12,507,490,6.775870475998405,8.127735628758874,31.803451620643628,98.87084341743218,0,0,5,Lunch,Roti-Based,9.754240972133626
2025-04-13,343,229,12.827969827396833,9.5054149698057,32.74158656701907,96.70198197242885,0,0,6,Lunch,Light Meal,6.278303570780832
2025-04-14,468,597,7.338078419706752,15.727076616093969,29.44113882690751,110.90731009417438,0,0,0,Breakfast,Roti-Based,16.66864846013626
2025-04-15,569,340,14.85963495328236,8.448830275137155,18.798395180930346,112.87782925593676,0,0,1,Lunch,Roti-Based,4.275415232502583
2025-04-16,323,344,15.662095085394759,14.909027001777769,27.627488962831045,94.10359649348818,0,0,2,Breakfast,Light Meal,12.510869302913749
2025-04-17,305,389,3.8452873531965404,17.114884838616554,30.976013503953787,110.91807422379864,0,0,3,Dinner,Light Meal,12.62570711335712
2025-04-18,357,291,11.249380355721819,12.348155596020105,20.320551205420898,108.44569388599201,0,0,4,Breakfast,Roti-Based,8.925177647644704
2025-04-19,346,371,11.160030000639006,14.124409311778333,21.887402773538255,112.92423017034285,1,0,5,Lunch,Rice-Based,11.7617359329479
2025-04-20,344,427,8.647053863879739,15.076459680617024,33.00241678615832,92.37250936557663,0,0,6,Lunch,Mixed,10.770055169499093
2025-04-21,319,268,18.792647526254097,15.675594733449637,18.342069271502258,102.30877450362937,1,0,0,Lunch,Light Meal,11.042916209457822
2025-04-22,518,373,16.89511375771798,8.92580006785194,30.796361343041593,93.23633754221333,0,0,1,Lunch,Mixed,8.020256766966753
2025-04-23,474,566,14.549768874373463,3.7689518876399726,26.05414597274519,109.72283471453123,0,0,2,Breakfast,Light Meal,12.820814070760015
2025-04-24,291,512,14.857879443229956,9.028144068551093,25.595126700273315,85.15972571713193,0,0,3,Dinner,Roti-Based,18.28324969849329
2025-04-25,257,287,10.310890588636143,13.106343446761347,18.12064105241308,101.94457488659188,0,0,4,Lunch,Light Meal,11.700317234705214
2025-04-26,545,269,18.577901379738364,9.755255786711892,31.929769926430378,95.17610293815754,1,0,5,Lunch,Roti-Based,7.621970300512122
2025-04-27,428,371,14.502717690559138,14.234447262905979,24.11702331082163,94.68051121233461,1,0,6,Dinner,Mixed,12.775142116823519
2025-04-28,316,238,15.121659109804696,8.354736442029958,27.19301573210923,104.34718971594751,0,1,0,Dinner,Rice-Based,11.437574135417599
2025-04-29,517,319,17.510436268172214,12.521162116560443,29.51411166770621,110.54453347941981,0,0,1,Dinner,Roti-Based,6.5753169825124465
2025-04-30,478,279,6.9332886081594385,5.796297072809619,29.94470279944457,103.27586174179979,0,0,2,Lunch,Mixed,2.4577999586304404
2025-05-01,326,386,16.527276269600655,14.240541549674354,34.25166100004323,110.59518935940167,1,1,3,Lunch,Mixed,15.839616491980141
2025-05-02,592,421,5.5143308532168565,11.185439532195387,27.032779205022354,92.9379133564309,0,0,4,Lunch,Light Meal,5.854252720118968
2025-05-03,595,564,8.216155140407981,6.060965828199009,24.79523236656527,100.58505564294943,0,0,5,Dinner,Roti-Based,12.514360711490001
2025-05-04,328,365,8.04098817685717,7.378667602467109,34.212961650359034,98.51609617201228,0,0,6,Dinner,Mixed,9.380777245628819
2025-05-05,257,622,19.61345843100453,14.229130628727486,28.91587399543386,85.3493469850929,0,0,0,Breakfast,Rice-Based,22.233596126610344
2025-05-06,321,383,17.417670027462684,10.23901853492281,23.068556056701446,101.7043642942222,1,0,1,Lunch,Light Meal,13.288176489332425
2025-05-07,200,461,14.621057508624675,6.240471605896083,20.14989217186071,104.84572972438525,0,0,2,Dinner,Light Meal,16.487982354612797
2025-05-08,438,288,15.087021709077023,17.509067855554463,32.323426524908086,102.7574321325721,0,0,3,Lunch,Mixed,6.7789131850913495
2025-05-09,489,394,12.11731029924628,13.726875297253319,24.157087247500577,107.08839696350265,0,0,4,Lunch,Roti-Based,7.683642551904634
2025-05-10,295,268,19.047632007953343,17.35702248809694,29.22798526319533,102.14018585359231,0,0,5,Lunch,Light Meal,12.083228872534775
2025-05-11,325,327,10.932657551882508,9.406575680405147,26.003879129220266,87.00250764552271,0,0,6,Lunch,Roti-Based,9.950796411548346
2025-05-12,317,445,8.849318777658102,10.126505110375806,21.381806256515652,88.49336572254134,0,0,0,Dinner,Mixed,10.27324483823098
2025-05-13,247,380,4.934636064768638,16.469328242775287,28.228672346547906,102.89423732631857,1,1,1,Lunch,Mixed,15.216783690816214
2025-05-14,288,338,16.151701740699046,10.87574010368077,19.031612172161598,93.2493757592092,0,0,2,Lunch,Roti-Based,12.43714788037712
2025-05-15,436,368,15.219990777360646,13.609183678585007,25.026821817810266,87.38935387104297,0,0,3,Breakfast,Rice-Based,9.163256791739924
2025-05-16,572,369,8.918390693434429,6.782593162432949,27.29245397428241,97.8880823034564,0,1,4,Breakfast,Light Meal,4.416835365602011
2025-05-17,584,512,2.4534814512661285,9.700897030539608,25.412798560015844,101.62967794250966,0,0,5,Lunch,Mixed,7.384666382798265
2025-05-18,471,362,17.10195189892419,4.851747987155327,30.727426979266845,94.8623796504882,1,0,6,Lunch,Rice-Based,9.617544420952758
2025-05-19,388,638,2.205523702173325,6.089700538154425,32.07472422727031,106.61301106677334,0,0,0,Lunch,Rice-Based,15.477380243318864
2025-05-20,391,379,14.666596033322918,3.014151229014466,31.111132258564027,104.31311824303734,0,0,1,Lunch,Roti-Based,10.075445470146851
2025-05-21,268,230,19.46462797506903,3.5889757747299034,18.659820112800634,94.98455083275016,0,0,2,Dinner,Roti-Based,7.561334143706256
2025-05-22,477,357,9.877903906667662,17.65925734765394,21.300189097581526,107.64617586725682,0,0,3,Lunch,Roti-Based,5.771548993484352
2025-05-23,548,297,6.22952128992715,6.635305427051435,27.122327657484163,104.46085127599106,0,0,4,Lunch,Rice-Based,2.1025005087544786
2025-05-24,446,296,14.687678180780871,12.94966064256003,33.89197468754462,104.12336136153706,1,0,5,Dinner,Light Meal,6.512635146742957
2025-05-25,275,473,16.708306556280533,15.586495481994174,32.19426517588599,101.60283102361204,0,1,6,Lunch,Roti-Based,17.404609853659416
2025-05-26,353,628,11.835745689401252,11.259906888548464,32.32308664198063,85.34169004265658,0,0,0,Dinner,Light Meal,19.06565580364116
2025-05-27,343,477,19.40663495461063,5.297167501259343,23.154539293914475,105.89521550430668,0,1,1,Lunch,Roti-Based,16.992868872378352
2025-05-28,285,539,2.9300369898433,13.921746560042497,25.300614250337944,96.2812537332747,0,1,2,Dinner,Rice-Based,16.955105632510683
2025-05-29,384,510,11.086320769481507,12.003771151493746,26.002001104370937,113.27829130475966,0,0,3,Dinner,Light Meal,15.351192479178003
2025-05-30,484,482,14.932171051805902,13.968758840210626,20.67531691694848,109.53954313231617,1,0,4,Lunch,Light Meal,15.060883276296861
2025-05-31,419,304,17.52752848068522,14.546199342856308,18.528158214155756,102.63083408593937,0,0,5,Dinner,Rice-Based,10.797474583099762
2025-06-01,268,365,5.226601014340221,17.631155515271175,34.09734929082879,92.56545945457808,0,1,6,Dinner,Light Meal,12.677116918361733
2025-06-02,246,542,16.400062671746266,11.60344920040065,22.092113956279615,91.11152179833,0,0,0,Lunch,Rice-Based,19.297094972947505
2025-06-03,293,261,11.948727362933814,8.124616690359026,22.079131363301734,95.21154513032647,0,0,1,Lunch,Rice-Based,10.76785893068942
2025-06-04,437,593,9.137966275819338,12.726968353503556,19.41744391406891,99.29703830740056,0,0,2,Lunch,Mixed,17.42487087788034
2025-06-05,403,344,4.370870514423684,4.026610638639392,33.78463178304423,93.8819653011684,1,0,3,Dinner,Roti-Based,4.910675516302557
2025-06-06,599,386,17.575323660360425,16.460959774823795,27.85553095397612,100.44788486177448,0,1,4,Lunch,Mixed,9.600067359953043
2025-06-07,417,644,4.830917747234876,4.790715170072952,29.339626571131014,89.96111276539558,1,0,5,Breakfast,Rice-Based,17.888299280489367
2025-06-08,540,460,7.576181465763787,7.917642568287274,33.49680708347189,114.331384384765,0,0,6,Breakfast,Rice-Based,8.970628394886152
2025-06-09,238,499,7.220819575323864,15.236180709391814,23.87554287131342,88.23773664894982,0,0,0,Lunch,Light Meal,19.44758296814924
2025-06-10,299,407,17.685452615435377,11.959685674960678,28.56562428934743,112.95832418963116,0,0,1,Lunch,Rice-Based,14.06802834176612
2025-06-11,488,521,14.108653895760163,8.904532804161631,18.659590730391088,112.40734034208084,0,1,2,Lunch,Rice-Based,13.330500182184748
2025-06-12,453,238,16.340265149444704,10.10153489062532,21.1751329799292,100.76081445458495,0,0,3,Dinner,Rice-Based,2.509415342397795
2025-06-13,421,287,6.508422178264982,15.818210898032705,32.131178686529026,106.74730815508254,0,1,4,Lunch,Roti-Based,7.025875240694677
2025-06-14,556,437,13.247733792925981,8.100065790898382,31.03506205775171,98.08144893917763,0,0,5,Breakfast,Mixed,9.228613661084196
2025-06-15,222,321,12.291427696587476,16.04474527218257,23.960925754771498,103.90103732627314,0,0,6,Breakfast,Mixed,14.779817407681938
2025-06-16,449,261,16.990946782188878,4.322016464650373,24.40578067216161,95.21727812263356,1,0,0,Lunch,Roti-Based,5.746692007315328
2025-06-17,209,507,18.30956708866269,14.65197655812946,27.070425370410852,94.03477059356337,0,1,1,Lunch,Roti-Based,23.314466702595205
2025-06-18,445,386,2.2188218865929628,15.713214495821045,18.004097079647288,102.34689358508541,1,1,2,Lunch,Roti-Based,9.34249093664843
2025-06-19,524,328,14.132358543058269,5.7272647925600815,22.10115371264647,99.94389022551941,0,0,3,Lunch,Mixed,6.374004654924235
2025-06-20,299,255,2.9330443841551226,9.455197985583006,21.539940746339646,102.38609107449943,0,0,4,Lunch,Mixed,7.477337941421531
2025-06-21,489,451,11.879455971392407,5.482496619954834,22.25821009474598,93.59981743861069,0,0,5,Breakfast,Rice-Based,8.567546764272803
2025-06-22,379,448,7.177389122786208,13.599061934913266,31.700399323068503,96.00873495450986,0,0,6,Breakfast,Mixed,11.986922330443393
2025-06-23,422,572,7.521978791398542,11.030216520924851,22.754455561289532,87.51693881886727,1,0,0,Dinner,Light Meal,15.244816416450444
2025-06-24,593,383,8.353253062142418,12.529850200624816,21.25586247485252,86.56829116816617,0,0,1,Lunch,Mixed,6.692827524788783
2025-06-25,449,606,13.183264082892983,5.947304504343167,26.572478833481536,92.60371389019049,1,1,2,Dinner,Roti-Based,17.11342559733596
2025-06-26,346,292,8.012899382037846,6.176187930786293,32.71596561833644,87.22740577991637,1,0,3,Dinner,Mixed,9.344697849360168
2025-06-27,295,355,15.188582910625048,3.6224598826485956,22.102944965237498,88.11324125904223,0,0,4,Lunch,Rice-Based,9.65650699448152
2025-06-28,456,572,9.281492940329654,7.831013027935946,19.335116127477576,109.38785216181812,1,0,5,Dinner,Mixed,18.211482975805524
2025-06-29,524,598,3.230357605579255,11.396169920005125,24.0588805094443,86.16621091050068,0,0,6,Breakfast,Roti-Based,12.8028148161604
2025-06-30,203,289,16.10767716471393,15.869023709959931,30.710081017604622,104.76828381804228,1,1,0,Lunch,Light Meal,16.00335293669301
2025-07-01,215,644,7.143649842668708,13.00391171188021,27.361739259811507,93.17673246446202,0,0,1,Lunch,Roti-Based,24.010957161525916
2025-07-02,479,415,9.789803832786728,9.53094485099627,31.885487282763904,111.1463704212438,0,0,2,Dinner,Light Meal,7.587574131090154
2025-07-03,535,488,14.337989897994227,17.296801715912068,34.31306650935698,99.54976853732498,1,1,3,Breakfast,Rice-Based,14.563528629100034
2025-07-04,446,268,7.984210828676816,13.788678008637477,31.475262104777492,94.16729377983478,0,0,4,Dinner,Rice-Based,7.709384285144145
2025-07-05,457,535,3.0185418106408815,16.95247804293825,28.264652340343808,100.52916807068304,0,0,5,Breakfast,Mixed,12.305453142807046
2025-07-06,583,349,8.730578846230644,10.913819599082485,26.38680699689047,96.45874057135806,0,0,6,Dinner,Rice-Based,5.315790792510617
2025-07-07,359,224,19.00007448849746,6.883564121897094,18.681174467920535,101.9290319400949,0,0,0,Lunch,Rice-Based,9.682158577140012
2025-07-08,539,647,13.551219151374047,3.79240029547083,34.73347363983871,88.43598604979044,0,0,1,Lunch,Roti-Based,15.740783275086395
2025-07-09,351,246,14.086624676009725,13.891272772257757,24.51917908377572,114.90971508437653,0,0,2,Lunch,Roti-Based,9.334538066938656
2025-07-10,595,379,13.381078765477517,4.819544970083012,20.587879636586734,97.76667633090153,0,0,3,Lunch,Mixed,5.799163796990834
2025-07-11,377,368,5.5818585012698625,7.541626924079508,29.334050541739764,95.44691919122106,0,0,4,Lunch,Mixed,9.541939411996992
2025-07-12,362,483,9.530009553841042,10.98706361825846,22.832900914622808,106.30629544948795,0,0,5,Dinner,Mixed,15.140250010302923
2025-07-13,579,449,15.516916370539729,11.466248816696215,27.958230605827808,95.91698219485997,0,0,6,Breakfast,Mixed,9.46554084545319
2025-07-14,232,419,3.8247121559568646,12.00874795480704,27.97505443335805,109.99822915086273,0,0,0,Dinner,Roti-Based,11.760681568728186
2025-07-15,378,269,7.001349969614821,5.493829955245509,25.577406955348778,98.62812173081275,0,0,1,Lunch,Mixed,5.086486144726602
2025-07-16,300,286,6.973743952385365,8.696061072324731,32.214016464265725,106.58675239796304,1,0,2,Dinner,Mixed,11.1473130615359
2025-07-17,467,519,9.776340696701109,12.2579134067545,22.504440046442532,88.2235964932566,0,0,3,Lunch,Rice-Based,11.75234545059626
2025-07-18,522,600,19.64663733695933,17.54728296950677,25.62675405750148,110.38357556665335,0,0,4,Lunch,Mixed,18.925205734442756
2025-07-19,264,277,3.215045840308795,13.91446706549533,27.140766186046516,107.0715396033433,1,0,5,Dinner,Light Meal,9.763328409523918
2025-07-20,367,478,11.33661789885071,16.839056356409365,29.281620253044093,91.35150335385897,0,0,6,Lunch,Rice-Based,18.24640547114835
2025-07-21,529,561,5.228564276219788,14.433180874712656,31.327521458595022,89.3585802923736,0,0,0,Lunch,Roti-Based,9.701694933183916
2025-07-22,242,545,19.472177817375396,11.875754533386006,24.71172380893035,94.48877046176874,0,0,1,Breakfast,Light Meal,22.711533803612223
2025-07-23,243,349,4.039463085094356,5.880350537045168,28.982798049642135,114.28211758095713,1,1,2,Breakfast,Mixed,12.562513373454408
2025-07-24,484,434,9.264818042508642,13.000284778387696,20.560386202164825,92.70494723701177,0,0,3,Lunch,Rice-Based,9.167251393264827
2025-07-25,596,391,15.281929727022911,12.350693489398607,33.85501770922214,98.683816268399,0,0,4,Dinner,Mixed,5.910057869050505
2025-07-26,211,477,14.681979704494015,12.037037556858996,24.51199970915706,85.90060677152009,0,0,5,Lunch,Rice-Based,18.684711889864392
2025-07-27,294,321,9.609115464090781,10.346788019823611,30.401864173599453,96.91682588698697,0,0,6,Breakfast,Mixed,10.96242494164132
2025-07-28,501,428,8.237435023148928,10.929849059839135,18.345798391997022,102.13960046299309,0,0,0,Lunch,Light Meal,7.356127423066285
2025-07-29,585,510,9.15702281395167,8.01663790677156,21.48818142938172,113.59373837523896,0,1,1,Lunch,Roti-Based,11.190540162146936
2025-07-30,452,573,6.7569727368555075,10.789690389634547,26.280403253500825,100.50208134820193,0,0,2,Lunch,Light Meal,11.777339886389434
2025-07-31,441,505,5.695992896722396,5.963338585177174,32.93029195144989,109.57321978533064,0,1,3,Dinner,Light Meal,12.479890031850102
2025-08-01,234,335,10.69471455606002,15.077615960405652,26.963337549161512,101.41382927706701,0,0,4,Dinner,Roti-Based,13.80618083751033
2025-08-02,414,483,6.833607609216932,5.786654320480617,33.80779819899594,86.22355040306554,0,1,5,Breakfast,Rice-Based,9.949660496100037
2025-08-03,536,369,7.174309968150502,4.274494348341996,26.224547241907537,94.45024825569323,0,0,6,Dinner,Rice-Based,6.559551643436611
2025-08-04,289,519,13.821609142542027,9.54369039535736,26.337634644511148,102.2664852349331,1,0,0,Lunch,Roti-Based,20.09573762572999
2025-08-05,463,255,19.43367197059806,12.874611592590927,20.035695404509042,113.51781897793373,0,0,1,Dinner,Mixed,8.943882762667595
2025-08-06,292,552,12.865469610068752,9.565752374003122,31.645156150587738,110.773910792537,0,0,2,Breakfast,Rice-Based,21.957951412491184
2025-08-07,289,506,3.3856304071693932,7.151311979269629,22.198412011940064,91.85066842536543,1,0,3,Lunch,Light Meal,16.05754100454958
2025-08-08,314,522,3.360505049373206,11.372567758356611,33.293412319329356,91.60329490057491,0,0,4,Lunch,Roti-Based,14.177643237669045
2025-08-09,304,530,19.125617975220187,8.205035031182998,33.48401174561673,91.03518901341702,0,0,5,Lunch,Light Meal,19.55784015944444
2025-08-10,590,427,7.351234225532005,16.993015351899494,34.036271901860545,112.6749668890751,0,0,6,Breakfast,Rice-Based,5.590907329810479
2025-08-11,395,325,3.657205749484558,16.83967709405358,26.84391831475253,110.57998459305162,0,0,0,Breakfast,Roti-Based,7.978945890834213
2025-08-12,513,377,12.782802568706868,10.535577299581432,29.510594341321955,108.24650296758847,1,0,1,Breakfast,Roti-Based,11.740543860775322
2025-08-13,313,340,13.22567800922479,7.9182599102738775,31.23476996104828,96.78205342672683,0,1,2,Lunch,Rice-Based,11.45457132366564
2025-08-14,274,274,13.673086762136387,14.056986209349587,20.227248517057916,100.131421128963,0,0,3,Breakfast,Rice-Based,13.031760397285403
2025-08-15,575,619,6.813236501435743,3.550694152246,28.21627231495745,98.92995234385458,0,0,4,Lunch,Roti-Based,13.660783652779642
2025-08-16,416,231,2.2719923158605506,10.121535090654769,18.5830643221563,92.60194322678117,0,0,5,Breakfast,Mixed,2.628792746433981
2025-08-17,476,364,19.370276650180493,8.044850914055003,26.45862341760834,100.150841384463,0,0,6,Lunch,Roti-Based,10.804196920956652
2025-08-18,448,619,6.516074822439845,16.80803827653832,20.632325587543868,85.91489643558263,0,1,0,Breakfast,Mixed,15.363817279885197
2025-08-19,363,615,14.168473184945855,3.180045409090238,21.10968974135544,88.95431120492377,0,0,1,Dinner,Light Meal,15.992337363340493
2025-08-20,593,355,14.719337657816773,11.292223135775236,24.205808633774225,111.5976878850684,0,0,2,Dinner,Mixed,8.38275633918792
2025-08-21,556,222,12.980133507430743,14.10995371599939,25.351431834180552,107.5503930109427,1,0,3,Lunch,Mixed,5.328571744402261
2025-08-22,391,363,7.632333095845668,10.275269812860618,28.593931217047185,97.68605227177261,0,0,4,Lunch,Rice-Based,9.926227577478604
2025-08-23,426,249,6.879732567753184,4.281045452440825,19.265283113454768,100.51451086851631,0,0,5,Breakfast,Roti-Based,1.608791892202756
2025-08-24,376,456,12.758029088648655,17.586920850418533,26.56275994103656,96.09996657879933,0,1,6,Dinner,Light Meal,15.675723131135886
2025-08-25,298,498,17.589721405010447,10.770156470641469,21.10462721430272,107.22339601482017,0,0,0,Lunch,Roti-Based,21.307103693713447
2025-08-26,235,567,19.04120712062112,12.21279366478517,27.75757797553961,108.52561537696239,0,0,1,Breakfast,Mixed,23.813091926558727
2025-08-27,295,334,3.9063044792676376,6.54914674061261,28.83587840844012,107.89855570609477,0,0,2,Lunch,Mixed,9.661539553389751
2025-08-28,351,323,4.786915026758957,10.252471276602057,27.464057361398517,106.6783517450335,0,0,3,Breakfast,Mixed,8.793172773853978
2025-08-29,350,337,19.005252658095433,9.437242379374828,30.55102367813123,91.13513016078387,0,1,4,Lunch,Roti-Based,11.280653095709472
2025-08-30,389,224,15.257634110026267,4.1234376300297555,23.705357152095324,95.13909937721436,1,0,5,Lunch,Mixed,5.439514768846053
2025-08-31,423,579,17.893888846935916,4.592405303212008,31.006812057763227,99.09536304951024,0,0,6,Lunch,Roti-Based,19.23098212854258
2025-09-01,236,467,5.647387414436177,15.562087794281618,25.35704038903929,94.92378974282967,0,0,0,Lunch,Light Meal,16.403780291177135
2025-09-02,467,583,12.576545679969234,6.597299283098854,26.231136471484145,107.64820600474987,0,0,1,Breakfast,Light Meal,13.607837872150725
2025-09-03,568,540,14.620512699514526,5.924374072479458,29.017736163438215,94.88060572749865,0,0,2,Lunch,Roti-Based,10.599333927630893
2025-09-04,382,340,14.242013938045508,10.573671768752089,18.312092527986806,89.14696260356011,0,0,3,Breakfast,Light Meal,7.32483530829914
2025-09-05,212,505,9.346730435600566,14.531206970437694,29.11790176414422,96.97121356144912,1,0,4,Dinner,Rice-Based,23.063861555997235
2025-09-06,478,368,2.2771080504435526,3.9291977786848187,28.515947534225962,114.39743298347142,0,1,5,Breakfast,Mixed,5.097219049603333
2025-09-07,416,303,12.492669022476736,11.652118794573838,23.26740098480576,91.77644238800728,0,0,6,Lunch,Mixed,7.096613660453737
2025-09-08,554,625,6.555827705232957,4.7881566426086,19.45850284329132,103.36475976829686,0,0,0,Lunch,Mixed,13.845347985619137
2025-09-09,560,450,10.104576430572026,3.546915762384277,19.5459026485217,97.98919149519119,1,0,1,Lunch,Rice-Based,6.391183812379044
2025-09-10,485,507,19.236458271508713,3.7911592824332607,33.694803698748885,87.1307370294798,0,0,2,Lunch,Mixed,13.07904455802531
2025-09-11,472,380,9.182635717563825,15.51246162312662,29.717748460839232,99.63629817994179,0,0,3,Lunch,Roti-Based,8.326383171443071
2025-09-12,568,491,17.11642891995968,4.769587254420923,20.160744434102586,106.06492985944938,0,0,4,Lunch,Mixed,10.388030545166497
2025-09-13,261,257,5.393730903486521,3.677270466184379,24.06429387825141,100.39659927483456,0,1,5,Lunch,Roti-Based,6.015130637409291
2025-09-14,283,445,14.104288964450518,9.568498307143685,28.07221089632714,111.16318191239743,0,1,6,Lunch,Light Meal,15.526425042329025
2025-09-15,567,361,19.586125179900982,15.659902079130372,32.204718986541025,93.66811049972748,0,0,0,Lunch,Roti-Based,8.638218123683327
2025-09-16,416,511,3.834075815712862,6.936125647339529,18.742235788121146,87.58747513911895,0,0,1,Lunch,Roti-Based,9.010817191457209
2025-09-17,541,370,2.149758960089456,9.325689262888746,22.02276323499015,113.09696834974018,0,0,2,Lunch,Roti-Based,3.700721657971982
2025-09-18,596,333,9.804490267387058,3.5988379884562685,33.12573283502146,96.34589048584657,1,0,3,Breakfast,Mixed,2.4405928897850355
2025-09-19,386,456,3.6672586949246098,9.736177712023139,18.15581435312488,102.292166543609,0,0,4,Lunch,Rice-Based,10.71949153288825
2025-09-20,218,285,15.470918294172165,11.664196209557005,21.423784747496086,108.76009378390589,1,0,5,Breakfast,Rice-Based,15.645005215694475
2025-09-21,376,580,18.46187594927406,11.563605806282172,34.30341099154042,94.72940991626741,0,0,6,Breakfast,Roti-Based,18.79407422572305
2025-09-22,299,560,9.81237750875766,7.986400382615478,28.42783139087691,106.48493614532833,0,0,0,Lunch,Mixed,20.32595776875743
2025-09-23,595,477,6.656809558797937,7.732997709947033,22.44841323283761,89.06256549453484,0,0,1,Dinner,Rice-Based,6.716045989993719
2025-09-24,432,468,9.819259742118977,4.599354284048968,19.13884860472941,93.73881241616516,0,0,2,Dinner,Light Meal,11.265173817354762
2025-09-25,275,550,15.022060721300019,8.501974809694026,18.47925278760278,89.3413190840956,0,0,3,Breakfast,Light Meal,17.512774175611217
2025-09-26,464,542,2.1629749084466776,4.49242003309447,22.160666353827764,109.33691675204074,0,1,4,Lunch,Mixed,10.614701088982116
2025-09-27,483,399,12.61017181072455,14.498939170680774,32.98525893301148,91.67947705680356,0,1,5,Lunch,Light Meal,7.245435187304884
2025-09-28,405,409,13.039250327972823,17.49411446622279,25.07053212305766,106.5221066621563,0,0,6,Breakfast,Light Meal,11.623245895934602
2025-09-29,422,626,13.47838844412684,17.551116850000604,30.24566727582188,113.29895191736958,0,0,0,Dinner,Light Meal,19.596789125449067
2025-09-30,583,373,6.35639743965579,15.976066490630908,33.61084560145928,100.83316627206631,0,0,1,Dinner,Rice-Based,5.73100121217438
2025-10-01,251,415,14.852949020806282,12.011882240094288,24.93668784724788,101.20087576782063,0,0,2,Dinner,Light Meal,16.702322301930668
2025-10-02,538,530,3.6450467539719753,13.512985458658198,21.25171530763575,98.83100704293436,0,0,3,Breakfast,Roti-Based,10.78654448384486
2025-10-03,566,481,5.586866056402415,7.278087040206211,26.79100482456763,94.77670430180927,0,0,4,Lunch,Roti-Based,8.311207298546549
2025-10-04,343,638,17.794460839780676,12.46155630258931,33.43742268001753,99.2696509277475,1,0,5,Dinner,Light Meal,22.225483499007666
2025-10-05,572,625,15.297016713078195,9.834743241598161,31.67436504034091,103.08422596800278,1,0,6,Lunch,Roti-Based,16.80065900760455
2025-10-06,268,646,2.2474199722042147,10.230260096653987,19.119107337173613,114.57974716511978,0,0,0,Dinner,Rice-Based,19.71321657042374
2025-10-07,298,362,6.470772686656404,14.36664840562737,29.773737601318892,113.13293677954672,0,1,1,Breakfast,Mixed,13.68123058725656
2025-10-08,595,561,5.859316693876962,7.228775333958775,27.722257881802214,110.86458874879365,0,0,2,Lunch,Roti-Based,12.104516330523431
2025-10-09,224,535,6.874513904665506,7.7705941754177985,33.42687399788923,111.67391607114575,0,0,3,Lunch,Light Meal,15.913787341677232
2025-10-10,578,320,6.456075865037955,16.86962686692955,20.08218408645505,99.03547549876129,0,0,4,Breakfast,Mixed,4.5534887247795846
2025-10-11,252,463,3.1254733233712235,3.8433644227645836,27.078613924479164,104.72332981532395,0,0,5,Lunch,Mixed,14.873209137858208
2025-10-12,350,231,10.260929298742766,10.284514476200105,32.95086578970217,111.85200168808643,0,0,6,Lunch,Light Meal,4.1051697958303865
2025-10-13,343,458,15.189202546150973,16.692012006117928,24.97040437460963,96.7885229497406,0,0,0,Breakfast,Roti-Based,16.87619637541333
2025-10-14,256,268,12.921171044913855,12.155445117272356,26.19391360145874,113.85287435036406,0,0,1,Lunch,Rice-Based,11.301655553721895
2025-10-15,238,261,14.111690034765436,11.196106113181981,19.19783152033829,97.47358186207549,0,0,2,Lunch,Roti-Based,10.374922668344542
2025-10-16,308,385,3.4606852136523045,6.746162688440329,22.728441887631483,103.03247996179647,0,0,3,Lunch,Roti-Based,8.694159456437495
2025-10-17,380,301,19.12683278318217,8.149132335966724,23.516613035872105,106.29414139817115,0,0,4,Dinner,Rice-Based,10.317328891145992
2025-10-18,241,648,17.092853009174448,15.780726237070393,34.067081628663075,113.51776039227815,1,0,5,Lunch,Mixed,30.213006230393724
2025-10-19,385,510,16.49162573292193,11.388271976526871,22.805345129199704,92.33848822156799,0,0,6,Lunch,Rice-Based,17.024969935175925
2025-10-20,597,377,16.813708490751814,10.721132906351698,25.834768499584083,107.38392934715927,0,0,0,Dinner,Rice-Based,6.851192536721093
2025-10-21,422,435,18.788789146389703,4.493695703100434,29.412175200592756,100.62446758432246,0,0,1,Dinner,Light Meal,11.838850929653622
2025-10-22,321,377,11.796571390046559,3.240422346826847,20.757117330933916,93.05671421861923,0,0,2,Breakfast,Light Meal,6.396124336112402
2025-10-23,332,353,5.6050763216172665,17.455277830305736,26.269520581411868,108.29820519389172,0,0,3,Dinner,Roti-Based,9.334162538034786
2025-10-24,362,286,13.102104941345742,8.654792509302624,30.55516367109043,101.5666684052154,0,1,4,Breakfast,Light Meal,10.057143424846892
2025-10-25,414,555,15.371866886022902,12.048195931492565,32.73653862146012,104.82921461949027,0,1,5,Breakfast,Rice-Based,19.071349865153383
2025-10-26,420,226,15.282513080372457,4.195726097809275,28.646407669261254,94.68703205733703,1,0,6,Lunch,Rice-Based,5.404329407019451
2025-10-27,434,233,11.386082435003843,13.246714285845698,29.373909760388116,99.43821855482815,0,0,0,Lunch,Light Meal,4.107151041797159
2025-10-28,530,292,3.232256948004405,16.988500630589414,20.14681903393767,103.52062752964201,1,0,1,Dinner,Light Meal,4.583132211055741
2025-10-29,345,618,8.6800328917423,11.634978794961295,34.078200453187904,97.14732442809532,0,1,2,Dinner,Light Meal,21.31501074878764
2025-10-30,438,624,18.573798952340432,4.891729835631159,20.2537593172362,90.95117619543105,1,0,3,Dinner,Rice-Based,19.901993522722496
2025-10-31,275,382,12.520080375633668,11.725822912102151,31.16943993209057,113.84921476945912,0,0,4,Dinner,Mixed,14.008128402325845
2025-11-01,208,285,11.68997497860284,14.495208196569786,22.50187747023142,100.34402620127852,0,0,5,Lunch,Mixed,12.360036819486647
2025-11-02,273,566,6.839363258879484,9.09624804861028,33.871083442921275,107.01761110863102,0,0,6,Lunch,Light Meal,19.180504272935583
2025-11-03,600,349,8.63208055849842,16.197566219122017,30.239312169281153,97.33141580668175,0,0,0,Dinner,Roti-Based,4.02295657065964
2025-11-04,452,638,18.116229604757045,12.730244300360468,30.814833120632272,95.65395292077149,0,1,1,Dinner,Roti-Based,24.085895470416858
2025-11-05,429,425,13.996334855483044,16.488733774338037,21.724005942018017,97.21492895401374,0,0,2,Dinner,Mixed,12.793732120381017
2025-11-06,206,495,16.17296648154199,12.352579668710058,25.531679602797734,97.2758993135695,1,0,3,Dinner,Light Meal,24.033670261874008
2025-11-07,373,475,10.178217615217793,4.969319580072364,28.50282430801787,101.32540347825861,1,0,4,Breakfast,Rice-Based,13.560799586847374
2025-11-08,340,485,13.344449950210842,7.645375666577837,31.089551509512216,101.3040960994409,0,0,5,Dinner,Roti-Based,12.97480336327058
2025-11-09,367,244,6.470904957377735,6.026924223786853,19.767309390510622,99.91461447648615,0,0,6,Dinner,Roti-Based,3.356097571259903
2025-11-10,369,500,14.698294945102752,16.632397465752934,34.36021037972698,89.04357354752314,0,0,0,Dinner,Rice-Based,19.281791314356582
2025-11-11,592,472,9.696824006660071,14.40600100931224,33.13375139942745,99.88226435501593,0,0,1,Lunch,Rice-Based,8.790068894077002
2025-11-12,482,529,9.96581926666542,13.145975533650091,22.595926038424935,90.07311701261955,0,0,2,Lunch,Light Meal,11.262060176542043
2025-11-13,321,508,13.68780184238387,7.5144947944743254,31.986924131549642,88.78407358887296,0,0,3,Lunch,Rice-Based,18.45312449933738
2025-11-14,393,383,18.85305118644068,5.760671580753202,26.811506691676996,112.97937152023503,1,0,4,Lunch,Rice-Based,15.464874138249352
2025-11-15,204,314,3.1521142389551766,14.346766319833677,25.850710186554316,103.14850039443112,0,0,5,Lunch,Rice-Based,10.64230482388071
2025-11-16,228,489,16.845378272246137,10.112369188186195,23.345379798793893,104.78470174373753,0,1,6,Lunch,Mixed,19.906145939018895
2025-11-17,364,540,7.262895987419476,6.386843282259437,27.876465972737073,97.05381011000091,0,0,0,Lunch,Rice-Based,16.38232802409059
2025-11-18,538,329,9.9905501811148,12.249329672479126,30.40811500096116,112.26942675744593,0,0,1,Lunch,Roti-Based,2.5550021844286297
2025-11-19,335,555,2.3944399179501614,3.60500778207678,24.98585938436689,104.13791468738997,0,0,2,Lunch,Light Meal,14.774135393371258
2025-11-20,564,529,7.418829401017635,7.892553811923802,28.69672628114097,108.07509608570763,0,0,3,Lunch,Light Meal,10.079906613085958
2025-11-21,520,457,11.047362367342348,10.02835491886702,29.888319659640164,96.05687407083141,0,0,4,Lunch,Light Meal,5.2357864944976065
2025-11-22,541,600,3.011169392253902,5.2193750116410875,30.089070889259858,113.80035642457376,0,0,5,Lunch,Mixed,11.497592489206246
2025-11-23,344,606,10.839723128896972,17.769817163862594,18.883423668230066,109.61383870474945,0,0,6,Breakfast,Roti-Based,17.832131679421448
2025-11-24,526,644,18.68799131945169,6.136460468844214,32.61571269664614,110.61845389043631,0,0,0,Breakfast,Rice-Based,16.84079389567617
2025-11-25,416,609,3.897077925940494,4.955296950648983,25.790306351005814,90.16582802277263,0,0,1,Breakfast,Roti-Based,12.927359372462908
2025-11-26,500,244,15.759933105359078,6.053023108303446,22.461073388835644,93.12889623613658,0,0,2,Lunch,Light Meal,0.5
2025-11-27,331,360,9.374078960767868,14.535916997395864,22.109996627154587,93.5687979905073,0,0,3,Dinner,Rice-Based,15.114400365496165
2025-11-28,491,336,13.793126861438084,9.382584889077641,26.211239918347157,93.12727669740613,0,0,4,Breakfast,Light Meal,7.020633184564468
2025-11-29,269,611,6.684258763734128,11.48123909628807,33.076136170972305,110.66224486312863,0,0,5,Breakfast,Light Meal,21.93917380764759
2025-11-30,451,624,4.870860725744449,3.3151373547954113,24.431908888604998,85.95654385625777,1,0,6,Dinner,Light Meal,13.917117680410458
2025-12-01,474,244,4.888327056882076,3.5164696285997183,30.745337695320238,87.28299966942323,0,0,0,Lunch,Roti-Based,0.5
2025-12-02,563,298,3.268855021576604,9.687383247405243,19.645918426782718,93.21744611889712,1,0,1,Dinner,Roti-Based,3.8729215643076897
2025-12-03,381,287,5.341640688222374,15.249828648024353,26.09296393656805,90.99618923948331,0,0,2,Dinner,Light Meal,5.962904096692945
2025-12-04,366,392,13.955948929801428,16.27858318061348,34.85866438667651,91.95578841648545,0,0,3,Lunch,Light Meal,13.109095553894209
2025-12-05,290,231,17.870431013183143,4.300598513934603,31.097442647469727,108.938295677599,1,0,4,Lunch,Rice-Based,9.547011456130427
2025-12-06,401,507,16.654262340640912,11.075446531515341,21.578984303490422,101.8937978167614,0,0,5,Lunch,Light Meal,14.133402214902512
2025-12-07,545,347,14.332417577740713,16.698445294189057,26.524505052864484,85.17311983878903,0,0,6,Breakfast,Light Meal,6.457899099591949
2025-12-08,218,315,3.9877735413998483,8.819591315968296,21.97162098202563,97.87968297112586,0,0,0,Breakfast,Light Meal,9.50989165027301
2025-12-09,238,311,7.205374033327097,15.443487471425529,24.962535763462657,97.23654780551077,1,0,1,Breakfast,Light Meal,10.57913493010565
2025-12-10,325,360,7.576523755804441,5.005434815991543,31.2614284034944,88.4183580833363,0,0,2,Dinner,Roti-Based,8.823463862614876
2025-12-11,372,250,6.499225035157182,17.03091734501698,31.110821859936863,105.28425365804371,0,0,3,Lunch,Light Meal,3.6848167225074766
2025-12-12,340,553,11.270101874775015,14.271349762969539,21.87770642434055,106.06291565138473,0,0,4,Breakfast,Mixed,18.85356244066735
2025-12-13,441,239,11.639968667834106,17.120015891803526,33.677796408632624,106.62679657156293,1,0,5,Lunch,Light Meal,4.3648346983126975
2025-12-14,419,365,8.423947553079984,13.149258503287598,28.073659107002058,106.85412836675776,0,0,6,Lunch,Roti-Based,10.72318698352775
2025-12-15,325,535,8.368204857255847,8.451058979991405,24.458712946354247,85.00158480796891,0,1,0,Lunch,Mixed,16.233903467541626
2025-12-16,257,609,16.914000762309463,17.072717587870837,26.53290487327463,113.61762411540167,0,1,1,Lunch,Mixed,25.38309594660603
2025-12-17,347,379,16.20727126975434,7.133501644637677,28.286211308441644,109.42626301163989,0,1,2,Lunch,Light Meal,11.037324805741356
2025-12-18,516,568,7.540324970253422,7.982587830925988,27.51813904137835,112.11945089767856,0,0,3,Dinner,Light Meal,9.960415053246129
2025-12-19,582,262,18.448191989718666,13.512126270026105,26.268885604115027,85.46929885922303,0,0,4,Breakfast,Roti-Based,3.9302701633208046
2025-12-20,560,473,19.150670306045107,14.479744492880794,26.5838576695198,113.01576387357218,0,0,5,Lunch,Mixed,14.722483379785878
2025-12-21,200,349,7.881365756540735,16.941052257737308,20.999002477274065,109.29365586064314,0,0,6,Lunch,Mixed,16.194965589383024
2025-12-22,586,279,8.379649078274987,6.072036135843143,31.816459373179548,110.11657428876096,0,0,0,Lunch,Roti-Based,2.342852265984935
2025-12-23,547,370,11.101414761595258,14.969970528288359,27.20992543899726,87.79862154165906,0,0,1,Lunch,Light Meal,8.233634082906502
2025-12-24,389,506,18.940174625606122,14.078190800954452,20.22835764897995,107.16334086755793,0,1,2,Dinner,Rice-Based,21.206114480579398
2025-12-25,390,224,17.77374979656161,3.956918343803968,31.024670726907225,113.79750068926273,0,0,3,Dinner,Rice-Based,6.0110693471547885
2025-12-26,568,637,3.8462233265046164,8.808347118153105,33.85154763241496,105.35642024254481,0,0,4,Lunch,Mixed,12.979014802414719
2025-12-27,511,485,9.069153378885492,7.241481855901479,34.104217287028355,102.11684213873819,1,0,5,Lunch,Mixed,8.068267993680426
2025-12-28,316,564,11.960681415495893,7.567356365310456,24.273301450989937,113.3688903324699,0,0,6,Lunch,Light Meal,18.93280151768237
2025-12-29,333,349,11.05638450592772,17.744203193320512,20.30378685053282,98.28811365203308,0,0,0,Lunch,Rice-Based,12.91117880211369
2025-12-30,257,601,5.489535222864069,12.641661202198918,26.81279365276211,102.97880698931436,0,0,1,Lunch,Mixed,22.797187155726753
2025-12-31,243,486,17.458701881026784,13.765142366902493,19.914356898936752,99.29014880483099,0,0,2,Breakfast,Light Meal,18.282206097443353
2026-01-01,372,397,14.184934093943072,17.64926455972514,33.877786114714496,112.98538664080897,1,0,3,Lunch,Rice-Based,17.173022056782948
2026-01-02,359,472,17.082350747332463,8.658026736864581,21.120853665037483,87.28254180296521,1,1,4,Lunch,Roti-Based,15.887596148072138
2026-01-03,372,634,17.4577570282905,15.027602526792089,22.297019619169788,100.03359102476044,0,0,5,Dinner,Mixed,22.469141118446423
2026-01-04,516,275,15.470405365983316,9.51796444956743,24.912820957044495,105.60857324156315,0,0,6,Dinner,Roti-Based,2.0411586003862046
2026-01-05,502,302,9.905790822494911,16.0430050772247,24.51379596550514,108.7571961526671,0,0,0,Breakfast,Rice-Based,8.58469562824726
2026-01-06,348,612,12.989841590277642,5.7098631196695475,31.509269170764114,102.49055942332409,0,0,1,Breakfast,Light Meal,19.93752156092181
2026-01-07,279,318,4.886577310155377,17.215292655964195,25.75738594936636,112.26753232364362,0,0,2,Dinner,Light Meal,9.34570643452971
2026-01-08,573,368,14.125617514548338,6.281575626163195,20.903060420056725,113.25974340651615,0,0,3,Lunch,Rice-Based,6.972143096715091
2026-01-09,412,548,5.226558603307053,7.893307604713973,22.54256822326326,86.92957669580751,0,0,4,Dinner,Roti-Based,12.561540462278604
2026-01-10,402,375,14.491092629182823,14.342883511601707,26.654927548187874,97.07111618624123,0,1,5,Breakfast,Light Meal,10.755158461442868
2026-01-11,451,409,6.132766893571436,8.9063271234811,20.506716596244292,85.70377065163463,0,0,6,Lunch,Mixed,7.774036810880233
2026-01-12,428,590,4.1159234027039595,12.1231706514967,28.398146485982238,94.88249972123329,0,0,0,Lunch,Roti-Based,13.740553804930567
2026-01-13,363,482,4.975120822573234,9.668602516041428,27.617704211369478,101.10604653911807,0,0,1,Dinner,Roti-Based,13.736006616871624
2026-01-14,426,299,2.0358584339432646,14.135549056346727,30.14993937849838,112.32384791529847,0,0,2,Breakfast,Mixed,4.929608771304948
2026-01-15,346,619,14.937313121363545,6.424968785529163,33.94097846144925,110.39662967396208,0,0,3,Lunch,Rice-Based,24.78285609619217
2026-01-16,219,471,15.183218883050824,3.876869808553155,33.50832753871965,88.82499180015957,0,0,4,Lunch,Light Meal,16.276567626315778
2026-01-17,246,316,11.26880029843867,7.498940962095993,34.08328550717013,87.79091124222687,0,0,5,Dinner,Roti-Based,10.471220849267477
2026-01-18,432,479,4.904530418996907,10.114629973026453,22.160165149402914,102.67802016270001,0,1,6,Dinner,Light Meal,11.858643709379887
2026-01-19,504,479,3.5039780751924154,5.520300782890178,20.236610212869028,100.96353917376348,0,0,0,Dinner,Light Meal,8.114371652439582
2026-01-20,213,322,2.344321395871166,8.32195934484583,23.138703908439624,92.99132924290072,1,0,1,Dinner,Roti-Based,10.649303150174644
2026-01-21,342,259,4.983467185373973,8.999745274403528,33.21644793702735,111.98359253661505,0,0,2,Breakfast,Rice-Based,7.048902159999494
2026-01-22,200,492,18.03539962969664,3.8608776553241033,34.5249090685993,112.8209922838466,0,0,3,Breakfast,Roti-Based,20.18984105758287
2026-01-23,572,320,6.347663150630272,11.749608722763067,32.608524168198095,97.07834315020489,0,0,4,Breakfast,Rice-Based,1.8694804471306556
2026-01-24,253,578,8.376883889909882,16.265151419569314,19.87030125916824,111.70907671340561,1,0,5,Lunch,Mixed,21.567233069752845
2026-01-25,573,599,3.896218720663997,5.2761436942957864,34.10627596701649,96.51846682788918,0,0,6,Dinner,Rice-Based,11.773704461402016
2026-01-26,458,527,6.002503485467065,11.967120201022711,25.197086464963363,107.10450495489101,0,0,0,Dinner,Rice-Based,15.749201821555669
2026-01-27,343,440,11.346042274043691,12.971088073662694,18.158274942960013,99.27826652643172,0,0,1,Breakfast,Roti-Based,11.347731138064457
2026-01-28,211,527,12.939548295721746,9.290020206289325,25.52069359271929,88.67749469521549,0,0,2,Lunch,Light Meal,16.805124750081163
2026-01-29,529,639,6.416341654991799,13.51646381046405,18.78317588448295,112.83802603711064,0,0,3,Dinner,Light Meal,12.615384319689664
2026-01-30,423,343,3.0391788660521097,9.16097315236518,27.245924659738996,98.6228978013261,0,0,4,Lunch,Rice-Based,7.281581028258859
2026-01-31,471,641,9.038591644293176,10.569559319661524,23.755418466429873,107.03461120967211,0,0,5,Breakfast,Rice-Based,19.054778240543893
2026-02-01,557,450,6.215660676674014,3.1102956683164047,26.04839387109883,96.01521443293876,0,1,6,Lunch,Roti-Based,4.687856935100882
2026-02-02,355,397,5.951970618136435,13.375801712020332,28.42389613263299,85.56642635728704,0,0,0,Lunch,Rice-Based,14.212088111152577
2026-02-03,572,282,19.277530448842196,12.920140184170867,32.76961862890295,88.01591076075508,1,0,1,Lunch,Roti-Based,5.380473808704363
2026-02-04,207,335,13.093408746663034,3.5760131598951683,29.252326800022786,99.88658438469773,0,1,2,Lunch,Mixed,15.84215571151468
2026-02-05,321,410,12.023811977097726,8.523751610926997,25.37883076412907,105.69893071379087,0,1,3,Breakfast,Rice-Based,16.077662281349642
2026-02-06,547,281,9.483951863419794,17.68547761187501,31.930273512396205,95.04205979737837,0,0,4,Dinner,Mixed,2.4068122528027835
2026-02-07,363,475,9.720998001742597,9.311048438529252,33.39489633874325,105.86465377532951,1,0,5,Lunch,Rice-Based,15.436046197214102
2026-02-08,289,226,11.736290069085454,10.529181076977626,20.035919429347352,105.95906768295868,0,0,6,Lunch,Rice-Based,7.241460214510438
2026-02-09,335,374,14.53573652664993,16.648952372395776,27.042860618397455,106.11807721983493,0,0,0,Dinner,Mixed,12.133755574857652
2026-02-10,385,311,14.63862973127293,13.758928137986347,22.83670331562155,99.77565562061525,0,0,1,Breakfast,Mixed,9.514568856878869
2026-02-11,515,233,5.090490338698093,11.731051966863353,18.800040363908106,112.44658450364511,0,0,2,Breakfast,Roti-Based,0.5
2026-02-12,377,448,11.002029537379286,14.967070220116089,29.36529381693775,99.67589553941846,0,0,3,Dinner,Roti-Based,13.273637685319905
2026-02-13,227,305,9.415245710613835,15.965493996839598,32.66710321680684,98.50795580489914,0,0,4,Lunch,Mixed,15.357425780877026
2026-02-14,419,352,17.669485392848916,9.853321076059004,20.7693451261157,90.98142457031881,0,0,5,Dinner,Rice-Based,11.800799052810063
2026-02-15,556,402,13.365540581930775,10.12662547397753,31.811032179606308,94.22965262069009,1,0,6,Lunch,Roti-Based,7.638478541304732
2026-02-16,240,605,11.585073195487672,8.790764034777537,32.50772747012801,86.2700347755491,0,0,0,Breakfast,Rice-Based,20.901391175834153
2026-02-17,427,281,4.077103559220513,17.500592100276908,33.54378752533022,104.00605880848511,0,0,1,Lunch,Light Meal,3.941811380904575
2026-02-18,391,438,12.901482007821405,13.457493814355256,22.509846514462893,92.45607231781278,1,0,2,Breakfast,Roti-Based,17.42188514857114
2026-02-19,344,624,4.109670302244202,4.2483459931210845,33.36720210822811,94.12465763456396,1,0,3,Dinner,Roti-Based,15.95502491807053
2026-02-20,400,465,8.069718360183536,15.944394349695276,23.451266830519348,108.12443564992964,0,0,4,Lunch,Roti-Based,13.20711826970244
2026-02-21,411,449,4.571155366657973,10.208399112544022,27.389746228743547,94.81663549484361,1,0,5,Dinner,Light Meal,11.343736237897685
2026-02-22,419,298,14.45732564643864,4.031308596337312,18.858627004148797,92.26587676039426,0,0,6,Dinner,Mixed,8.112327566052
2026-02-23,439,368,5.712538049050747,11.245758827449666,18.745978502268642,90.07173247401117,0,0,0,Breakfast,Rice-Based,6.971776281396402
2026-02-24,596,357,9.053468717384469,9.25746418463553,30.24634461644745,108.24575206545867,1,0,1,Dinner,Light Meal,3.048349993626564
2026-02-25,245,533,18.122145997138016,16.16624107293937,25.55615962562245,88.89118773970081,0,0,2,Lunch,Mixed,22.689790607018004
2026-02-26,234,595,5.677694901181465,6.059919054140811,22.3569703812767,98.6126128075106,0,0,3,Lunch,Roti-Based,20.806792389946093
2026-02-27,452,642,11.140491151258024,15.396969142382744,21.237029432423473,100.20790348231583,0,0,4,Dinner,Mixed,18.690532359007147
2026-02-28,589,608,9.546889900988397,11.365330367781791,29.389209344606705,105.62169738057143,0,0,5,Lunch,Mixed,12.157874223086157
2026-03-01,281,284,2.326232738823135,3.819154548202036,18.006826248430777,103.99850446998987,0,0,6,Lunch,Mixed,6.201951228938129
2026-03-02,570,232,16.26964604431063,17.57767951988227,31.700149876346522,109.32162018835524,0,0,0,Lunch,Rice-Based,2.2039138963515956
2026-03-03,455,432,3.2428263136627953,10.689228661547999,19.34724330420879,86.34254301778715,1,1,1,Lunch,Mixed,9.981407061242276
2026-03-04,396,461,10.536590377585165,7.363152813473738,21.25532345343803,93.89322174338191,0,0,2,Breakfast,Mixed,13.891375070494009
2026-03-05,502,432,12.092209308901099,10.041102629838871,24.56601872008452,93.40402356326139,0,0,3,Lunch,Mixed,10.754314501848045
2026-03-06,209,400,13.311676219062567,15.867866752762335,26.242598575173762,89.38050716776324,1,1,4,Lunch,Mixed,19.30150009214464
2026-03-07,511,557,14.395369327541761,7.573546865775953,24.03491696883701,93.6753476156933,0,0,5,Breakfast,Light Meal,15.2893281657173
2026-03-08,485,392,6.558902903408871,5.890145947300505,23.452106804732995,94.2929594242871,0,0,6,Breakfast,Light Meal,7.877230739317742
2026-03-09,441,379,2.1796179798520887,4.936068703963222,34.38657220524421,100.65653385782434,0,0,0,Lunch,Mixed,6.403489832216578
2026-03-10,450,383,15.021985922388415,7.467890975853169,28.9068545811377,104.91113436778768,0,0,1,Lunch,Mixed,7.64996233561578
2026-03-11,564,407,11.641818788256415,14.700721305600652,18.398360241245598,96.43301540835442,0,0,2,Dinner,Mixed,5.115142955873232
2026-03-12,204,614,17.05011865773048,10.074395477928926,25.312990443553325,106.58410693940144,0,0,3,Lunch,Roti-Based,26.85851421713727
2026-03-13,318,410,16.784990532212497,6.412224055403099,32.875147895647494,95.0849601573874,0,0,4,Lunch,Mixed,14.388432254279891
2026-03-14,488,624,17.1798710201819,5.492774994146238,23.124755168981356,93.70851031944281,0,0,5,Lunch,Mixed,19.59418798518488
2026-03-15,573,527,10.731703879631723,7.990942147655686,19.6074578611646,101.23564167571072,0,0,6,Lunch,Light Meal,7.479101148130826
2026-03-16,264,475,8.005311125063582,17.09886559328563,30.892541117028603,85.71149080917372,0,0,0,Lunch,Light Meal,15.533048231214172
2026-03-17,345,402,16.248047646644658,8.145400688850366,28.302235142913382,87.39367370902,0,0,1,Dinner,Light Meal,13.488027265429643
2026-03-18,423,336,10.12329403452659,17.82186113931953,27.695312633050566,97.53908630759581,0,0,2,Dinner,Rice-Based,8.593242659292926
2026-03-19,438,501,5.301959535261821,10.278456836480343,18.910801513325936,113.28738134175269,0,0,3,Dinner,Roti-Based,13.284952071031
2026-03-20,376,415,17.38953235210654,5.6874587743522635,20.388483166523795,106.6453533953027,1,0,4,Dinner,Mixed,14.560996305395518
2026-03-21,466,253,17.88607778190225,16.36710137690264,28.583339735622936,87.64379708501673,0,0,5,Lunch,Light Meal,5.892086702927741
2026-03-22,540,271,10.393575610523062,9.905330597022402,21.53300530480021,110.38954038342621,1,0,6,Lunch,Rice-Based,3.224271072976703
2026-03-23,481,331,3.3625950915761744,13.645070152567866,26.569191355723213,106.96902311824543,0,1,0,Dinner,Mixed,6.453632541002518
2026-03-24,262,471,8.980869618504762,17.755673748137276,27.262988662499687,103.3283957710796,1,0,1,Lunch,Mixed,22.60271598941863
2026-03-25,416,301,16.463677870326862,3.7526302547996098,22.81962223460597,109.60878881827531,0,0,2,Dinner,Light Meal,7.291013672736939
2026-03-26,541,451,18.231932513832117,4.450418396813507,34.12322764420538,97.12329543228871,0,0,3,Dinner,Mixed,8.817008839970242
2026-03-27,514,446,5.662509364956725,13.806851121941342,32.321889816204774,91.64503152561558,0,0,4,Dinner,Mixed,10.479236665016984
2026-03-28,482,452,3.2055250164548874,7.22737504943208,30.280349629757573,100.36070167326278,0,0,5,Lunch,Mixed,6.549203291114004
2026-03-29,376,440,17.792308156391094,5.764520954251486,19.325895728959953,101.46525266780421,0,0,6,Dinner,Light Meal,15.630861603187842
2026-03-30,297,632,9.009288901619755,3.5904281972959424,19.80421032825333,101.14979116029735,0,0,0,Lunch,Rice-Based,18.249425263783795
2026-03-31,304,641,11.75169735681614,3.3277006797930273,26.377282879704246,101.95221374440317,0,0,1,Lunch,Mixed,21.013200503716494
2026-04-01,298,261,19.42518461691366,14.617284046796863,20.732126936246758,113.46114754717543,0,0,2,Lunch,Rice-Based,15.263926839849713
2026-04-02,584,240,3.198165102456011,5.01650141054325,34.63051288000106,112.06736869288694,0,0,3,Dinner,Mixed,0.5
2026-04-03,510,261,13.66972413413772,10.015809239567263,20.69484397846596,111.27151109676818,0,1,4,Dinner,Light Meal,4.564679657124442
2026-04-04,205,616,3.333897606347607,12.088452227692246,26.28695320288756,109.04250432725881,0,0,5,Lunch,Rice-Based,23.95049376406414
2026-04-05,396,332,8.758440712397007,9.425277008532694,24.19005796630559,113.30284321795855,0,0,6,Lunch,Light Meal,3.8814198856464506
2026-04-06,550,324,16.468661813482043,3.406599785043497,28.869569164719664,87.9548392503821,0,0,0,Lunch,Roti-Based,5.120437696901061
2026-04-07,332,411,9.80250018960142,14.752522538818633,20.19361895112022,92.95369784337218,0,0,1,Dinner,Mixed,13.062512742003328
2026-04-08,557,236,19.94928237025311,3.1576983681248025,25.315379276720645,99.85167836963754,0,0,2,Lunch,Roti-Based,4.108322749830048
2026-04-09,458,339,12.063067129038838,14.42834841566226,22.669985557721443,110.39603479370216,0,0,3,Lunch,Roti-Based,7.0941852852726655
2026-04-10,222,612,7.780918747447163,16.39956740682184,33.091775919418694,100.15497134568197,0,0,4,Lunch,Roti-Based,20.410224165388435
2026-04-11,252,644,5.962003866285556,9.492598815857583,18.689957106289818,107.44104218024766,0,0,5,Lunch,Mixed,20.91020786787263
2026-04-12,364,348,8.309369617150914,11.033137096466973,33.5333673981098,89.16879715746748,0,0,6,Breakfast,Light Meal,7.000315486316054
2026-04-13,401,349,8.705598927671915,10.154750889264808,32.16090035540101,92.57241438929681,1,0,0,Lunch,Roti-Based,8.725797467027315
2026-04-14,282,279,3.2368461990312976,8.838129279351582,23.058702179493864,106.95328285113017,0,1,1,Dinner,Rice-Based,8.028941465299438
2026-04-15,344,267,8.652335589681917,16.311368030555403,31.41794112951078,89.94202026663172,0,1,2,Dinner,Mixed,5.688807233034824
2026-04-16,284,248,10.356293355306049,16.409002660049858,18.53063052575871,95.5406780396478,0,0,3,Breakfast,Light Meal,8.147881105933017
2026-04-17,277,316,15.009279540298484,8.037245469623018,34.43671435498769,92.94598773440714,0,0,4,Dinner,Light Meal,10.810767529677378
2026-04-18,565,229,13.821130724988944,12.22604631022047,26.952114024026418,95.49585082667436,0,0,5,Lunch,Roti-Based,1.0115188489193063
2026-04-19,200,461,14.757781794124776,16.90361343218796,23.15577744311257,106.2497214723391,0,0,6,Breakfast,Mixed,21.123288451071403
2026-04-20,250,533,2.1505462737834278,17.430877484120273,24.16391461410951,96.03541543428403,1,0,0,Breakfast,Roti-Based,19.00517811388039
2026-04-21,372,451,5.918013192449649,10.634385606330714,19.128891008828454,101.65789967823821,1,0,1,Breakfast,Rice-Based,11.880606739368435
2026-04-22,404,496,13.910317191197416,9.7923720792649,34.81894173871467,87.9979563116323,0,0,2,Dinner,Light Meal,12.960208702233686
2026-04-23,459,503,10.711808627235449,7.180414738927887,18.66796306756177,109.15053079703884,0,0,3,Breakfast,Light Meal,11.81649664619254
2026-04-24,568,422,2.095642562030227,17.38307809785615,29.133421093513604,96.09665876944375,0,0,4,Lunch,Mixed,5.66341879226915
2026-04-25,487,466,16.480903563772802,5.14221456709301,25.52651077100979,104.45602477100027,0,0,5,Dinner,Light Meal,8.546769792447538
2026-04-26,233,509,15.910572319226073,11.697443640715875,34.13157570920816,106.76168804985498,1,0,6,Lunch,Mixed,24.20779736350765
2026-04-27,547,483,11.871544933884127,7.238254012779583,22.181995585215518,91.28982766335102,0,0,0,Dinner,Roti-Based,7.432473909162932
2026-04-28,294,433,3.196339863972898,7.185124355216949,27.045476006946192,111.5402495486005,0,0,1,Dinner,Rice-Based,10.79924192024643
2026-04-29,271,419,15.797270891586523,9.074528810642827,26.2000555459068,103.48672754820859,0,0,2,Breakfast,Mixed,16.14478398111702
2026-04-30,238,298,12.50684457916455,17.981894037234817,29.948729548851723,97.86175425254444,0,0,3,Dinner,Roti-Based,12.269267095469324
2026-05-01,353,620,16.075279588843266,3.8244946025973308,19.15617394319115,90.47005550734659,1,0,4,Lunch,Rice-Based,22.48344740788222
2026-05-02,449,562,15.531445863125128,11.678127273052972,21.294415210397034,113.2690281370362,0,0,5,Lunch,Light Meal,17.7798012424739
2026-05-03,361,563,16.45403729524107,4.238582370529158,21.647601941578447,107.65204612394875,0,0,6,Lunch,Rice-Based,19.85085678531818
2026-05-04,317,392,11.324145195283247,5.317812449857785,30.548562832308725,91.24073688199746,0,0,0,Breakfast,Rice-Based,11.902761008457787
2026-05-05,458,288,4.52584132748327,9.59344412659348,21.21535783755458,95.13132324172673,0,0,1,Dinner,Rice-Based,4.541640289834743
2026-05-06,578,635,14.080834520834395,10.65690197019662,27.7493599861466,109.2902277426422,0,1,2,Lunch,Light Meal,13.662220217048203
2026-05-07,505,647,13.16852813093547,6.88188612546786,21.659144948516214,105.87032989646016,0,0,3,Breakfast,Mixed,18.723290146153797
2026-05-08,467,306,15.360557369583569,7.746856963116243,32.647624151427635,107.97352878147173,0,0,4,Dinner,Mixed,6.404235293139691
2026-05-09,253,320,5.057858108913235,4.3045053038389955,34.01715272632386,98.23603306638798,1,0,5,Lunch,Rice-Based,13.637606684194663
2026-05-10,435,227,5.509553598205206,7.548296757663758,26.814380574018088,106.494287879265,0,0,6,Lunch,Roti-Based,3.1794969116317477
2026-05-11,588,552,18.027371309947913,17.498376590708162,23.98925103155603,96.5948116859174,0,0,0,Lunch,Roti-Based,14.095750804048542
2026-05-12,421,419,15.499600372137275,17.170610725087226,21.978982175297485,91.3378875081459,0,0,1,Dinner,Rice-Based,13.909633699590898
2026-05-13,450,306,18.34811279660581,8.023174352054774,18.846277025891744,103.9803110452408,0,0,2,Breakfast,Rice-Based,10.504373572815055
2026-05-14,512,262,15.656875780950573,11.562809044181424,22.564501295357424,114.28041776796383,0,0,3,Lunch,Roti-Based,1.56066300903588
2026-05-15,600,604,12.748795507825434,16.643930866664164,29.122008259070405,94.31802914185988,1,0,4,Lunch,Rice-Based,16.32579981615658
2026-05-16,311,328,13.774389266501727,3.09275733961345,27.071487832256587,98.82908776637619,0,0,5,Breakfast,Rice-Based,12.96116736918881
2026-05-17,454,627,18.00430263092018,15.160253555063878,34.04870173077576,105.22004113209562,0,0,6,Dinner,Mixed,22.00442353061022
2026-05-18,502,371,12.418521581214929,17.225543291833787,24.73671346235891,101.24518846367464,0,0,0,Lunch,Mixed,7.8989018589701345
2026-05-19,406,236,13.383043837910973,4.369886015003356,29.79567681958271,110.30283387127147,0,0,1,Lunch,Rice-Based,5.882715625905944
2026-05-20,428,352,4.81658088806481,5.4217152904938155,26.318486707077064,107.85228119408548,1,0,2,Breakfast,Rice-Based,6.498368779072438
2026-05-21,540,367,10.53058196208985,17.41119454157033,26.713795670711598,86.74891611587071,0,0,3,Dinner,Light Meal,5.444169832283392
2026-05-22,597,496,14.89514801524578,11.063102154605195,22.552163348269996,114.95263701771322,1,0,4,Dinner,Mixed,13.21502674481935
2026-05-23,265,451,6.8769685696945775,3.2129495170758555,25.734163206313994,107.57207361158402,1,0,5,Lunch,Rice-Based,16.433301191197888
2026-05-24,274,533,5.640575249441628,6.864479981452938,26.00334494921602,110.9170994888234,0,0,6,Lunch,Light Meal,16.90088063699331
2026-05-25,302,634,7.64888254803948,9.749155114032895,30.012922869731877,104.5359313628604,0,0,0,Lunch,Light Meal,21.41661395717225
2026-05-26,391,585,6.347011303871002,13.393633665371516,33.99087998616393,110.68855384140286,1,0,1,Lunch,Light Meal,15.91978291147808
2026-05-27,451,447,5.868427466655126,13.997405672051993,23.598461717202575,88.37148924786128,0,1,2,Breakfast,Light Meal,10.000900485946156
2026-05-28,425,358,9.647315171625564,17.931322693881842,18.717407965882074,95.43213506677947,0,0,3,Lunch,Mixed,8.427223845973872
2026-05-29,493,618,18.341093249903615,7.312667990756386,26.437017133510874,111.29262830813478,0,0,4,Lunch,Light Meal,16.62328210978141
2026-05-30,505,430,11.12707364129693,11.073301528027129,27.255842646535868,91.04965633800677,0,0,5,Dinner,Mixed,7.988112236809133
2026-05-31,297,610,5.382566854675814,10.999853217894074,20.863489369242558,87.34726295740069,0,0,6,Lunch,Light Meal,18.482736448204136
2026-06-01,537,247,3.3854900488557336,9.084678891708563,30.927898306693134,108.64356819835658,0,0,0,Dinner,Light Meal,0.5
2026-06-02,485,270,14.530810612482654,5.537428407636303,34.743794843505356,110.06458466929888,0,0,1,Lunch,Roti-Based,5.854833588017621
2026-06-03,534,480,8.890377759854982,17.661848447757638,34.07817018914383,89.87956654569702,1,1,2,Dinner,Mixed,11.586906057807319
2026-06-04,546,480,16.792957038536468,15.79975779999879,21.35080266000209,110.63037948348146,0,0,3,Lunch,Roti-Based,12.588106781271458
2026-06-05,507,569,13.871193835533862,10.474995424413558,32.881175078312936,105.60303386791509,0,0,4,Lunch,Roti-Based,13.021125751146727
2026-06-06,448,571,16.332346109744634,12.048681340260448,29.976391818998643,100.60248049649752,0,0,5,Dinner,Light Meal,14.869196978842348
2026-06-07,365,227,6.8950287095320775,6.408915803394935,25.715391584717498,109.90750578344155,0,0,6,Breakfast,Mixed,3.0739949434681604
2026-06-08,534,539,14.462460604299046,11.156806055876203,27.19038690352039,97.57747747956897,0,0,0,Breakfast,Rice-Based,14.503145028033945
2026-06-09,229,357,6.753115724486938,13.424551996822137,32.44320297470179,90.81981868670192,0,0,1,Breakfast,Light Meal,12.392010428447055
2026-06-10,446,257,18.903232630105247,10.727505425798832,26.162293973852343,93.54558029831841,0,0,2,Dinner,Mixed,7.884638345869184
2026-06-11,305,330,13.454737067600739,17.85427755877412,24.344525274787156,100.15492054879944,0,0,3,Breakfast,Roti-Based,13.427011065693737
2026-06-12,250,587,7.841212403156158,12.170124843715893,26.38520738144176,100.93992378019527,0,0,4,Dinner,Mixed,19.34720918036169
2026-06-13,280,439,6.851213521260908,8.564605688882535,27.845206668595836,109.16742479323702,1,0,5,Lunch,Light Meal,16.274120714713543
2026-06-14,332,556,5.436678531289584,14.582280414237571,21.21432011423193,108.74058170957004,0,0,6,Breakfast,Mixed,18.762002964574805
2026-06-15,484,442,14.5035372600871,5.556937673724631,33.31543141453884,102.44099671613725,1,0,0,Lunch,Roti-Based,10.811053341895228
2026-06-16,587,355,5.936881033962692,8.767737205593999,29.461178130103434,108.42356450096429,1,0,1,Breakfast,Mixed,4.059174823270316
2026-06-17,337,475,12.715458786694803,8.204384255663788,28.76557159473731,90.75320374881014,0,0,2,Lunch,Mixed,13.799330261298703
2026-06-18,383,579,6.763430484656432,9.47710642661666,19.69143584507085,86.50193581279883,0,0,3,Lunch,Roti-Based,13.136762961965998
2026-06-19,600,628,13.915441006289635,14.726697388930894,28.27095694893406,111.209014679041,0,0,4,Lunch,Light Meal,16.047369650152117
2026-06-20,529,548,16.668915113729703,10.262595482451111,20.05633125805437,87.26663481288308,1,0,5,Breakfast,Rice-Based,17.231951699583483
2026-06-21,472,268,16.004454376603757,14.910216753989442,19.337860478321783,92.40065289231993,0,0,6,Lunch,Roti-Based,4.670327086652916
2026-06-22,539,511,15.695323956754072,11.647333547097988,26.964285225920687,105.85956848873154,0,0,0,Dinner,Roti-Based,10.834658569387114
2026-06-23,268,601,5.3790033024605375,8.13104151986333,24.847354078790413,97.28343812881927,0,1,1,Dinner,Light Meal,17.561441639324137
2026-06-24,233,543,3.590929045721337,15.149681155252086,28.009774592655795,111.28941909746527,0,0,2,Dinner,Light Meal,18.404158656844203
2026-06-25,461,297,14.581078912772941,6.574345058296373,19.516776856973056,93.93939383986809,0,0,3,Lunch,Mixed,3.7438023770768964
2026-06-26,252,324,8.630249848298323,6.3657446969969325,25.326712068403392,85.35614040008078,0,0,4,Dinner,Roti-Based,11.008184479827989
2026-06-27,404,388,9.782232075260252,10.567543860822536,20.971374155767684,94.01966921682232,0,0,5,Lunch,Mixed,11.390901779802917
2026-06-28,325,436,2.560683670281039,6.912738689431334,34.78070146070998,102.34225147554494,0,0,6,Breakfast,Mixed,11.51596031378448
2026-06-29,434,597,6.6723760869508855,3.136305524268245,27.539553611397963,96.2781512620988,0,0,0,Dinner,Light Meal,14.239703606115059
2026-06-30,242,338,2.606175269740352,12.724462909482023,29.686426635994742,101.04618267276265,0,0,1,Dinner,Light Meal,9.736725551637646
2026-07-01,439,409,17.825343906822457,10.66640732208597,23.532110771604334,111.29794356505056,0,0,2,Lunch,Mixed,13.470533371306333
2026-07-02,570,474,6.381140297933548,9.682767217397418,19.61056155124885,112.37455162691106,0,0,3,Lunch,Roti-Based,5.735604232971429
2026-07-03,310,589,12.032069052314146,17.50452771927473,34.589804667320124,92.97922193962336,0,0,4,Lunch,Roti-Based,22.780414352941097
2026-07-04,448,485,2.7016277719003474,11.567987759443705,22.866403601514115,98.86421419809702,1,0,5,Lunch,Mixed,11.122625042567636
2026-07-05,350,368,14.003253043501845,15.951473666840768,25.20473914795076,101.47432045724354,0,0,6,Dinner,Rice-Based,13.387042221524567
2026-07-06,382,383,7.81449222357369,5.091753543077402,29.047686668943776,113.47337370664741,0,0,0,Breakfast,Rice-Based,13.487434475041997
2026-07-07,535,359,18.162545365237985,11.538096946941415,18.41985406066389,114.95851957493154,0,0,1,Dinner,Light Meal,7.714712608298129
2026-07-08,294,566,17.986127400812645,16.019694400963544,31.774405218793877,92.0622174652458,0,0,2,Lunch,Roti-Based,22.85136852158114
2026-07-09,573,477,7.85523113051146,11.74658635919847,27.121829230486547,106.80939614037446,0,0,3,Dinner,Mixed,9.620061156120823
2026-07-10,599,593,18.217296122428422,13.770212671905023,22.729692180169977,96.34093186699586,0,0,4,Dinner,Mixed,13.353640700280295
2026-07-11,207,488,19.93083812297802,8.58065351718311,19.047335749971978,85.2432459065864,0,0,5,Lunch,Roti-Based,18.510497399125676
2026-07-12,587,400,16.857481954231066,4.386742755555999,20.762473063065503,85.27757567307707,0,0,6,Lunch,Light Meal,8.224529129554735
2026-07-13,559,379,17.20768425959412,9.868504426906071,33.21557560050843,98.81698022686767,0,0,0,Dinner,Light Meal,7.747429786101308
2026-07-14,587,570,6.482157249963619,8.917190862582864,29.66241180691015,99.65004739013004,0,0,1,Lunch,Rice-Based,10.963774734524332
2026-07-15,383,619,12.380643179439614,16.00590273568421,22.248329267827128,85.67709089720329,0,0,2,Lunch,Roti-Based,18.628985028065273
2026-07-16,480,507,3.2106064514126214,6.659929535287084,19.115213004065502,105.60782250322907,0,1,3,Lunch,Roti-Based,10.744597085875972
2026-07-17,394,507,3.708522862790055,17.50101341302662,29.740460310572818,93.8201016578486,0,0,4,Breakfast,Mixed,14.383285207151037
2026-07-18,551,599,19.980067016599232,17.37207179706744,27.730931341452006,101.79679304607848,1,0,5,Dinner,Roti-Based,19.5700884965989
2026-07-19,394,445,7.879506489666397,6.71447464607158,24.876831915789996,94.02757219496256,0,0,6,Breakfast,Rice-Based,12.79629063538974
2026-07-20,354,230,15.467310416879235,8.220779332159807,24.181394636231083,90.01402944607922,0,0,0,Dinner,Roti-Based,4.784622296086847
2026-07-21,292,229,16.519970954482694,16.433336113108275,21.685842690794843,97.21521215796626,0,0,1,Lunch,Mixed,8.84521484011579
2026-07-22,359,490,17.444418878130126,17.49933331344161,29.3833913611378,91.96820094371502,0,0,2,Dinner,Rice-Based,20.151526101831507
2026-07-23,260,492,19.957309353238816,9.65158654254066,34.5013564724958,101.04402930757504,0,0,3,Lunch,Mixed,23.348302367498647
2026-07-24,321,643,6.346936734623621,7.814955684613468,20.98715917922604,90.9648559085944,0,0,4,Lunch,Roti-Based,19.849555057686786
2026-07-25,250,621,2.7263148834745947,10.89141019877313,28.150982540263556,100.2521792993388,0,0,5,Lunch,Light Meal,20.937894244451424
2026-07-26,476,402,9.401447323902548,13.316538095486022,25.211145947681594,89.72135544606603,0,0,6,Dinner,Roti-Based,8.130335079920725
2026-07-27,204,372,4.341452056921045,7.1021177306246965,25.593708269659302,105.12924128457355,0,0,0,Lunch,Roti-Based,12.247201351877415
2026-07-28,291,534,2.4036660049169924,14.047097619286092,22.320503762172844,107.61813053324272,0,0,1,Dinner,Mixed,17.129229065210414
2026-07-29,369,553,8.48768288854675,3.7748603567196155,32.027292886244126,88.31182702749801,0,0,2,Lunch,Light Meal,13.380610047376173
2026-07-30,516,343,16.107288519354256,3.7394173914662465,26.2493452705031,99.03407236112018,0,1,3,Lunch,Roti-Based,8.763378227483791
2026-07-31,221,333,12.191252442051276,8.794315577183179,27.23789948737049,87.1261510196462,0,0,4,Dinner,Rice-Based,14.705055801242839
2026-08-01,525,497,7.630003805786373,8.302097880910809,23.180935517554538,102.94547336626007,1,0,5,Breakfast,Rice-Based,11.238388323622827
2026-08-02,200,633,13.778156098868955,7.734498230507284,21.090743916338145,92.93212893788936,0,1,6,Lunch,Mixed,22.584266044878607
2026-08-03,332,432,6.176327245558593,10.36529644003365,19.460476599447947,100.82873370516124,0,0,0,Lunch,Mixed,12.183745394072858
2026-08-04,432,391,2.2588660292975304,7.811003734673569,30.14002539572357,100.52383028152873,0,0,1,Lunch,Light Meal,3.913835489629747
2026-08-05,211,507,15.758360955855693,5.8838687770213784,21.335982788693546,112.73063038581401,0,1,2,Lunch,Mixed,21.419019842088947
2026-08-06,545,393,13.227375527552164,7.642043236329013,29.73128102120956,101.47249667706168,0,0,3,Lunch,Light Meal,4.571722284380471
2026-08-07,245,332,15.72144724101728,17.623564092153522,24.636399582798216,102.48995439154947,1,0,4,Lunch,Roti-Based,18.220520120406423
2026-08-08,233,595,2.700884300377981,9.166701254922728,25.068171616824074,97.04959377293142,0,0,5,Dinner,Rice-Based,20.55222337208079
2026-08-09,277,624,17.06815330095174,9.670691652875036,25.97601743357712,113.4723880954845,0,0,6,Dinner,Rice-Based,25.498677213856173
2026-08-10,417,341,13.15147160065346,11.6481748492671,24.251044638168235,108.31557728318829,0,0,0,Lunch,Rice-Based,11.725978297522392
2026-08-11,500,251,12.141116312827522,17.7501115262134,19.710539612784032,93.56215870908525,0,0,1,Lunch,Mixed,5.306504413815697
2026-08-12,272,441,13.243052866061568,6.624019146536446,23.26374077004838,110.32628757328696,0,0,2,Breakfast,Mixed,16.665973874565122
2026-08-13,481,338,17.559798443630555,13.219231657986507,29.283484131796953,97.9718908055527,0,0,3,Dinner,Roti-Based,10.787709596350659
2026-08-14,448,258,12.564857118060328,13.739770403125862,29.318334824970805,109.86001430600783,0,0,4,Lunch,Mixed,6.04003909654866
2026-08-15,246,487,12.457106837987228,12.109866251895989,22.865813223079904,109.68664204880506,0,0,5,Lunch,Light Meal,18.849243985535985
2026-08-16,320,452,19.832224827183786,4.328675094549661,25.821744651480696,90.66610560288564,0,1,6,Dinner,Rice-Based,15.68233892633113
2026-08-17,413,237,15.621143007234224,13.153084137413646,21.288602876202937,106.03423394150731,1,0,0,Lunch,Roti-Based,8.147244460468444
2026-08-18,438,368,9.961288498120435,3.961420665542632,21.57632538600721,93.71928907919593,0,0,1,Dinner,Light Meal,9.348367826122324
2026-08-19,255,616,14.733146000592699,11.942139743248454,18.391800502912325,93.92478009978005,0,0,2,Lunch,Light Meal,23.47260102250087
2026-08-20,549,368,9.006148490452192,14.09371765832614,33.24469134843166,93.89044230641743,0,1,3,Breakfast,Mixed,6.802214297589613
2026-08-21,306,345,6.119758324702982,6.164548359299256,21.582013306273407,106.76704742679844,0,0,4,Dinner,Mixed,9.661329989946937
2026-08-22,518,611,12.74333378397967,15.62433011314161,21.868075907919877,91.89478125377609,1,0,5,Breakfast,Rice-Based,18.527160023471854
2026-08-23,247,521,18.707277766051128,3.455307082995064,22.75322435496724,85.0271750573827,1,0,6,Dinner,Roti-Based,20.611882678377196
2026-08-24,260,579,18.724511360278328,15.657192954874592,20.165937218822293,106.457105604479,0,0,0,Breakfast,Light Meal,22.67356594789462
2026-08-25,536,457,8.154295005898826,9.904935759641475,28.86746901408317,90.13554231505375,0,0,1,Dinner,Mixed,8.870004146602527
2026-08-26,225,354,11.49819439199051,6.263819098974667,19.277430204018973,88.13447185923503,0,0,2,Breakfast,Mixed,13.288065916133428
2026-08-27,491,370,5.809446174257502,5.00667217490952,20.281441247547953,92.1254836178218,0,1,3,Lunch,Roti-Based,5.114144647543685
2026-08-28,456,455,19.921359970979903,17.299607513735587,28.960864352031578,96.39701566968112,0,0,4,Lunch,Roti-Based,15.027299080002706
2026-08-29,207,443,19.660122341622845,4.0899838137173505,23.774230548184526,99.27718982419603,0,0,5,Lunch,Mixed,19.02827257178932
2026-08-30,312,422,13.691160734734051,5.986401299038885,30.035113053920213,86.33710122137893,0,0,6,Lunch,Mixed,12.437247987479731
2026-08-31,554,475,16.47945307419452,8.21733521149569,27.476220659392414,114.11719997882082,1,0,0,Lunch,Rice-Based,14.154896465232632
2026-09-01,452,305,14.8718029031066,12.303522734416807,22.352359942045723,106.48189160258674,0,0,1,Lunch,Roti-Based,8.726757657803805
2026-09-02,379,369,12.676847942710427,11.172016279141475,29.064075158318577,94.69582195973008,0,0,2,Lunch,Light Meal,11.962589676787854
2026-09-03,406,454,2.9602639458001585,4.88465238618471,19.97665256497897,94.56091771856192,1,0,3,Lunch,Mixed,10.865005044807413
2026-09-04,502,564,10.185758165947899,7.3459197560732195,27.11897651236052,98.45627648105378,0,0,4,Lunch,Mixed,12.319708627977143
2026-09-05,326,241,14.14615343901339,6.581276566290361,25.43151778576559,103.78734468289099,0,0,5,Lunch,Mixed,7.34218924455908
2026-09-06,255,567,14.195569049906323,6.20314281735512,22.553850907896493,89.39119199766904,0,0,6,Dinner,Mixed,18.33050087747185
2026-09-07,413,504,8.716207131602904,9.167165047199806,28.268084961571503,90.66789441294857,0,0,0,Lunch,Rice-Based,14.481039798842065
2026-09-08,213,488,18.95045575984455,13.560471788874853,32.8126710697848,110.78303748500653,1,0,1,Breakfast,Roti-Based,19.993964744810807
2026-09-09,227,477,5.0124265802620585,6.2617939832585385,34.9813798959723,92.68764771667217,0,0,2,Lunch,Mixed,16.520575464823864
2026-09-10,277,248,11.006470031880092,8.500183195544722,28.331967068638214,96.40584993925532,0,0,3,Dinner,Roti-Based,9.331198044791527
2026-09-11,415,432,14.43591157791481,8.863761402617435,24.87999986359589,111.13815552850352,0,0,4,Breakfast,Light Meal,7.398114066321834
2026-09-12,585,502,14.548444506052567,17.646847941531153,21.828520703675427,104.89443488199467,1,1,5,Lunch,Light Meal,15.947601825228984
2026-09-13,564,269,13.67550122183868,17.319995353186034,22.3706335197169,95.25135638025066,1,0,6,Lunch,Light Meal,6.232632947008364
2026-09-14,353,314,6.955187842133483,15.00206374128114,26.15073462854602,105.51098637173862,0,1,0,Breakfast,Light Meal,8.537330880839491
2026-09-15,213,626,4.811718236359195,6.624883812287777,24.24372092177206,85.59049646144241,0,0,1,Dinner,Roti-Based,17.989388555343556
2026-09-16,386,307,13.446925882880796,4.0205597113750455,33.53484688462405,107.06927980034095,0,0,2,Lunch,Light Meal,5.45932224935961
2026-09-17,511,263,12.787438090509879,7.753562065809371,24.261022950147062,99.61048121548718,0,0,3,Lunch,Light Meal,1.1635863943601295
2026-09-18,570,497,5.228408185206337,7.001918241507463,24.348558049472402,109.39546441853383,0,0,4,Dinner,Mixed,9.96380862091919
2026-09-19,206,390,14.69250462027014,10.588887002195907,24.52008671137761,113.63912956019405,0,0,5,Lunch,Mixed,16.39753367982927
2026-09-20,202,640,10.193095851205815,14.665918651016897,32.22254357625019,112.77365648483705,0,0,6,Dinner,Mixed,26.710043389071533
2026-09-21,310,408,14.019690648856752,15.87484408318287,29.06340145439733,112.27795130366022,0,0,0,Lunch,Rice-Based,16.215903046535576
2026-09-22,437,572,17.072607435862714,15.672961281157628,28.440870455421177,100.36509867801661,0,0,1,Dinner,Mixed,18.948591891583074
2026-09-23,562,403,5.055111714384617,8.395133418346017,23.680431380525658,95.80426342416814,1,0,2,Dinner,Light Meal,2.7256373432268544
2026-09-24,438,222,2.34460762394306,13.308515151910244,31.90437100615147,98.95105974192018,0,0,3,Breakfast,Roti-Based,0.5
2026-09-25,473,410,16.023846555124162,7.692512962863301,18.65218564304692,105.69688009940083,0,0,4,Dinner,Light Meal,11.538178044947582
2026-09-26,493,337,12.974553652747087,3.913583148527741,32.803551929747925,111.5199333061356,1,0,5,Lunch,Roti-Based,6.872296275574086
2026-09-27,426,238,14.59351225319819,13.523478984044134,26.716748296496803,91.20958909000359,0,0,6,Breakfast,Light Meal,5.362122209697377
2026-09-28,570,242,17.086789549795565,3.147413288546818,24.77025399267802,112.54579475385108,0,0,0,Lunch,Rice-Based,5.186887051860912
2026-09-29,214,632,16.450596826841007,9.137738811877329,26.451843772200657,109.45540695909668,0,0,1,Breakfast,Mixed,25.219503820815905
2026-09-30,391,249,19.296562644718843,7.940689039531136,29.34606401907513,114.36568045534705,0,0,2,Dinner,Light Meal,7.115364851254692
2026-10-01,318,514,11.646831419338127,13.400663077782786,18.217012250804256,111.40755319845061,0,0,3,Lunch,Mixed,19.97961300039566
2026-10-02,227,327,10.792921387878296,14.493682091405685,32.816381559790216,93.3981198907572,0,0,4,Dinner,Rice-Based,13.661062165253488
2026-10-03,401,586,9.233969598033141,7.561419539569258,25.59457193029368,88.17867734032143,0,0,5,Breakfast,Rice-Based,16.774632421328615
2026-10-04,238,500,4.7664387711956815,15.174405216672803,23.83043083490133,88.36723215974766,0,0,6,Lunch,Mixed,18.5447263953914
2026-10-05,472,347,12.306930191876404,7.408751407574006,20.350174615778972,93.73669955734829,0,0,0,Lunch,Mixed,6.7684692870271945
2026-10-06,430,448,6.986225437867618,9.694895399798419,25.470911364093517,103.42551171953617,0,0,1,Lunch,Roti-Based,11.283249890143095
2026-10-07,285,330,18.583535219833557,13.905277905212008,26.437487111834443,109.12960978291517,0,0,2,Dinner,Mixed,14.472531129786697
2026-10-08,325,355,12.497434476987756,13.393803438371828,24.861993806389123,111.97750920944694,0,0,3,Dinner,Mixed,14.178800129506099
2026-10-09,499,581,12.671123249145984,17.810527084683002,29.53722159505725,103.71260153107698,0,1,4,Dinner,Roti-Based,18.003937057196875
2026-10-10,224,405,8.388643895786181,6.377415363238978,25.15524098890684,85.16893938244161,0,0,5,Dinner,Light Meal,11.935727826072993
2026-10-11,344,363,2.9358083355987348,12.934768703093736,34.34409882339175,90.589503295556,0,0,6,Breakfast,Roti-Based,8.307650746496908
2026-10-12,212,291,2.571387776713795,12.14522862413666,28.18771780300106,87.99178611560104,0,0,0,Lunch,Light Meal,4.438634781652117
2026-10-13,411,348,9.620032594757555,16.72647681735045,31.72712490608245,95.8997342670703,0,0,1,Lunch,Light Meal,10.262954999975545
2026-10-14,224,583,3.5221768057502816,5.345432124673126,19.85905035286114,100.04052980901238,1,0,2,Lunch,Light Meal,17.0504089315444
2026-10-15,267,480,12.923245199722505,14.276972453803994,24.753951980080398,86.30191535735682,0,0,3,Breakfast,Roti-Based,15.705768173923593
2026-10-16,593,222,17.857514101513836,11.524029244031524,23.726410924601595,95.45433927386966,0,0,4,Lunch,Roti-Based,0.7682058075256091
2026-10-17,266,607,17.892466697337,7.119988046818581,27.68120059832206,90.37539023875968,0,0,5,Lunch,Rice-Based,20.31232736218891
2026-10-18,432,323,13.862817382380182,10.116523712207611,32.63892984104424,104.41210498776621,0,0,6,Lunch,Light Meal,8.065058576582594
2026-10-19,308,443,5.802172966512758,8.006648956046966,19.331749701954113,98.9281710797302,0,0,0,Dinner,Roti-Based,12.645629531374315
2026-10-20,345,539,17.533942964459698,11.689701041826913,19.233771566760083,99.85952940801727,0,1,1,Lunch,Rice-Based,20.102695722189512
2026-10-21,310,581,17.949681835637747,16.33500916221999,32.455401038679184,97.83075364100384,0,0,2,Breakfast,Light Meal,20.633076734049617
2026-10-22,427,573,5.539764529153256,11.53957476618303,21.618451462652075,113.68059131459701,0,0,3,Breakfast,Roti-Based,13.856973159164955
2026-10-23,310,229,15.27366954387219,12.47583627489876,29.368805325646832,91.4420537536469,1,0,4,Dinner,Roti-Based,10.422147883827364
2026-10-24,233,624,7.157351880688213,10.781217706720643,27.228928250133688,100.49992779531622,0,0,5,Dinner,Roti-Based,18.94785743343059
2026-10-25,310,603,16.447525622352735,3.7674825966821386,32.1591911130829,107.08052105096007,1,0,6,Lunch,Mixed,21.712476279240754
2026-10-26,463,521,19.950282198264848,6.492878353141414,20.12651146721886,101.70533239403687,0,0,0,Lunch,Rice-Based,13.71773204582018
2026-10-27,568,450,2.5404680959290706,10.380025941481241,20.206310417284392,112.87062657150403,0,0,1,Dinner,Roti-Based,7.056087361852566
2026-10-28,435,438,18.152585584236775,7.653529256170572,27.46591212473123,96.33905066923853,0,0,2,Lunch,Mixed,12.280709931960393
2026-10-29,282,630,13.207349604775844,5.726453966417913,34.088437107092304,98.91027417319535,0,1,3,Dinner,Rice-Based,23.884030672590335
2026-10-30,241,285,19.520887144966782,10.561992628776576,25.05496189230282,87.65566945644186,1,0,4,Dinner,Rice-Based,16.799197906532054
2026-10-31,300,644,10.370171315475696,7.842146901717755,23.558015704329815,103.26997333155785,0,0,5,Lunch,Mixed,23.249920264688914
2026-11-01,205,331,17.25298275028473,6.871614647601221,28.31371849436406,93.64635905344318,0,0,6,Lunch,Rice-Based,13.222920175797183
2026-11-02,379,232,3.12309323476899,9.959781261605713,33.817626209265526,89.80927118546707,0,0,0,Breakfast,Mixed,3.1304450641757064
2026-11-03,481,612,8.035022901409324,4.999263871232597,32.2277731583586,101.33593878713523,0,0,1,Lunch,Light Meal,15.040888226110182
2026-11-04,519,639,3.2062976795217795,16.91618599613111,34.92322138246474,100.96930790139731,0,1,2,Dinner,Roti-Based,16.81861351539062
2026-11-05,425,305,19.55617640262327,16.015531468788588,18.38366591444041,87.27614923672142,1,0,3,Dinner,Mixed,12.804000591696383
2026-11-06,514,453,16.705530330893062,13.61430878610803,19.918588460116958,105.94646360483418,0,0,4,Dinner,Rice-Based,10.302394172900028
2026-11-07,564,309,17.34585358242747,4.593207413826843,28.360951977232574,103.71316571952559,0,0,5,Lunch,Rice-Based,6.007644633122872
2026-11-08,428,533,18.883374165810096,14.638158817045396,31.949799468675444,90.67051848239491,0,0,6,Breakfast,Light Meal,15.485067807894652
2026-11-09,576,273,3.5318627501561366,15.119359921635285,22.849153819215033,99.08304586462131,0,0,0,Breakfast,Light Meal,0.6987817193520032
2026-11-10,488,231,8.94075666524,14.516469265715065,22.06658849658172,106.60968749435679,0,1,1,Lunch,Light Meal,4.199120335753744
2026-11-11,349,428,3.278628002792038,4.709488306788618,31.378588589480415,100.88307221623829,0,0,2,Lunch,Light Meal,9.600684800110365
2026-11-12,476,233,5.794275827900515,12.658619356016471,18.958491515504935,96.86467228550711,1,0,3,Lunch,Light Meal,2.2336197883474815
2026-11-13,397,340,6.128583986678103,15.514871936240977,24.279505008903946,94.67015374242831,0,0,4,Breakfast,Roti-Based,9.67749277331287
2026-11-14,269,637,10.443929798856416,11.660301018295016,26.598756784069607,103.31181599932161,0,0,5,Dinner,Mixed,23.433173792683945
2026-11-15,311,596,6.834119014165567,12.696110628421335,27.525927463955497,113.17326094930722,0,0,6,Lunch,Light Meal,19.183662187247567
2026-11-16,203,239,3.8176059227196997,9.875452191394594,30.38645766547721,105.1523452143245,0,0,0,Dinner,Light Meal,5.7148497471103905
2026-11-17,549,294,5.014839603693939,10.93060979826079,24.03237729832119,87.24237710908946,0,0,1,Lunch,Roti-Based,1.3394054324135753
2026-11-18,530,619,4.6509601439376365,3.515652875275878,28.415633859468322,98.82054920446402,0,0,2,Breakfast,Mixed,14.934306612772058
2026-11-19,517,462,19.51538236242137,12.58444532959927,27.951382187446256,111.72472394531883,0,0,3,Dinner,Light Meal,10.500219004372093
2026-11-20,549,442,15.667265124532525,4.2217081933673875,27.3094737111137,87.83387277403261,0,0,4,Dinner,Mixed,9.398035233993786
2026-11-21,294,289,19.419706374852115,9.525218915103352,28.88821598341761,114.6662713641263,0,0,5,Lunch,Mixed,13.866965529439767
2026-11-22,351,531,9.915328757142355,7.389826465011117,22.410635908157296,113.47208180936263,0,0,6,Lunch,Roti-Based,18.389726299366185
2026-11-23,510,430,7.010632669927819,11.181419253175696,19.439028810938694,87.34823442189628,1,1,0,Breakfast,Roti-Based,10.722013141394767
2026-11-24,336,320,16.36927754976536,5.001245032848106,20.027618424675637,113.00239961348665,0,0,1,Lunch,Light Meal,9.747146550891213
2026-11-25,446,405,7.872570524740642,13.374651029599773,21.81790050511632,95.89397770778386,1,0,2,Dinner,Rice-Based,12.03137783162469
2026-11-26,586,351,7.388900726696269,14.925173053927056,26.50336490388735,110.34127501227587,0,0,3,Breakfast,Roti-Based,3.848272176644749
2026-11-27,442,330,6.1851078597409614,5.450316746147347,32.28752675928234,97.55150013139814,0,0,4,Lunch,Mixed,6.676542696052653
2026-11-28,230,600,4.334221608036236,4.564696310278233,29.921986815502528,98.22565338107547,1,0,5,Dinner,Mixed,18.06876238720573
2026-11-29,239,351,6.6163350983017875,5.182732241810387,31.413690271434803,104.02729272932628,1,0,6,Lunch,Light Meal,10.760731924801412
2026-11-30,428,239,8.395755472529979,16.156913428477527,23.966585606743553,108.2343225782795,0,0,0,Lunch,Light Meal,4.913715837529079
2026-12-01,235,613,14.131895746623147,10.922838926345342,24.879113608025353,86.01367452844745,0,0,1,Lunch,Light Meal,23.701079658287036
2026-12-02,422,243,3.1261671599501284,10.00891494011254,24.69259206184042,102.79467986581403,0,0,2,Lunch,Mixed,2.485745212660013
2026-12-03,205,446,5.789124913976173,4.600677286535314,21.261844134876526,90.60198982292113,0,0,3,Lunch,Roti-Based,12.592446317817132
2026-12-04,521,373,16.562425525250177,12.743340101354427,19.040683188440724,95.37848553589609,0,0,4,Lunch,Rice-Based,9.046225969497636
2026-12-05,419,512,4.6445946245078735,16.019993878426348,28.045573578062857,95.4390599846565,0,0,5,Breakfast,Roti-Based,12.309497170631639
2026-12-06,274,449,8.167612637405387,15.422788039851794,34.816683618149966,99.07181020663461,0,0,6,Dinner,Rice-Based,15.881251053358573
2026-12-07,203,529,17.56386059344652,12.39082063471202,20.836104984154467,95.0240923562852,0,0,0,Dinner,Roti-Based,21.33551784017959
2026-12-08,534,578,4.788655600581968,4.129180749775104,18.793641938287653,88.22083355352004,0,0,1,Lunch,Light Meal,8.519151577481924
2026-12-09,333,624,3.489263041127418,4.685955407640194,31.25203859100686,89.36886215576354,0,0,2,Lunch,Mixed,13.999815871268458
2026-12-10,317,421,10.721683911440195,3.73963480664737,22.293962113640312,86.00313956683293,1,0,3,Lunch,Rice-Based,14.164788329725315
2026-12-11,568,257,7.443551203013655,6.8621882473870395,32.10394469099978,99.10747255986263,0,0,4,Breakfast,Roti-Based,0.5
2026-12-12,293,649,12.141350560709373,5.034922007405666,29.966923339586764,113.63343084558966,1,0,5,Dinner,Mixed,25.832319239645813
2026-12-13,261,479,16.468488028702552,6.9007206037865085,34.07645012986367,88.4702567094435,0,0,6,Lunch,Rice-Based,19.390102232879137
2026-12-14,393,407,4.4686727867493765,8.775870835784424,24.951763007863423,113.38793479009246,0,0,0,Lunch,Rice-Based,11.265333502801148
2026-12-15,534,276,12.452583521977129,17.144741761067035,29.25348727066078,107.00084544196281,0,0,1,Breakfast,Mixed,5.698775306192272
2026-12-16,402,648,11.09915768701755,12.15564089672538,25.902531273825602,104.1249640880249,0,0,2,Breakfast,Light Meal,16.41204576990888
2026-12-17,591,239,4.593418148237593,15.524606785244435,28.72000785424524,104.35833265970689,0,0,3,Lunch,Mixed,0.5
2026-12-18,225,492,13.231972739521684,13.655272510684984,25.643181402131535,109.80182945188847,0,0,4,Dinner,Light Meal,19.356284524510883
2026-12-19,372,338,6.92552752149389,4.687546957899476,21.20674818920927,88.20759593139464,1,0,5,Dinner,Roti-Based,9.118281496052722
2026-12-20,499,290,10.781017733792225,14.038806095609232,26.634256072057475,100.14262970696625,0,0,6,Dinner,Roti-Based,5.573989678744079
2026-12-21,332,223,3.4809018369871136,7.126483223386867,26.985931424436522,105.91273414782276,0,0,0,Dinner,Mixed,3.5162675970103328
2026-12-22,525,440,10.272513029845214,12.586617704920595,31.780265420422737,102.60461335220691,0,0,1,Dinner,Light Meal,11.415490324395034
2026-12-23,317,233,7.516342424770766,8.114429604644828,30.50385199849088,109.98337213069884,0,0,2,Lunch,Roti-Based,6.779808218293246
2026-12-24,523,222,16.802861801336377,17.965083948969887,29.284457607004548,87.16815127034054,0,0,3,Lunch,Light Meal,3.8253983309355686
2026-12-25,474,435,3.025617085952629,6.953272192451667,19.927580624393734,105.72103118497498,1,0,4,Dinner,Light Meal,8.585151493420627
2026-12-26,411,448,9.53493094852994,7.186957061614045,30.250476941283154,101.02083191154153,0,0,5,Lunch,Light Meal,10.335477284059824
2026-12-27,424,555,10.251765634365885,16.960083833435974,26.50518765802675,96.3748259193983,0,0,6,Lunch,Mixed,16.672296176739582
2026-12-28,219,405,15.050109373384137,3.36966606954484,33.19969211380471,95.20824946702092,0,0,0,Lunch,Light Meal,10.941967504151886
2026-12-29,312,274,12.337176351623798,13.450334818097954,33.637805880219226,103.62497898322579,0,0,1,Lunch,Mixed,8.453593402519463
2026-12-30,339,607,14.009822069495259,13.879895861038172,18.937662040230354,111.72986123932795,0,0,2,Lunch,Roti-Based,20.406729399737024
2026-12-31,246,595,15.98688714173161,15.54567866115599,31.950906526026138,99.88527778303346,0,1,3,Breakfast,Roti-Based,25.251564495962235
2027-01-01,200,473,17.519653525847396,17.61658965957713,18.6408556371854,109.7416949223076,0,0,4,Lunch,Rice-Based,20.246356553825457
2027-01-02,289,243,7.649758941004469,17.634028787349784,24.241883636815384,97.06469145531902,0,0,5,Dinner,Rice-Based,8.202570047471836
2027-01-03,341,381,11.684408696550253,3.9791513634969586,27.219099585558347,88.07183388379529,0,0,6,Lunch,Roti-Based,8.660049229341654
2027-01-04,519,377,17.1219454119056,15.327589841293538,20.517713576661166,86.84517209375916,0,1,0,Dinner,Light Meal,9.57104070233848
2027-01-05,237,301,19.810120357371016,12.69464900486072,30.687334813674305,86.54003113971032,0,0,1,Breakfast,Light Meal,13.733251816837592
2027-01-06,492,622,18.011347598787737,12.710132015596368,18.142029970926355,96.4045042587301,0,0,2,Breakfast,Roti-Based,17.3028921739678
2027-01-07,581,378,8.686410727238783,4.925248899220422,20.866183823378627,95.11713252507526,0,0,3,Lunch,Roti-Based,2.239755179994556
2027-01-08,338,407,5.512997309935708,12.7528074966848,27.873546107509085,106.53811070867708,0,0,4,Lunch,Rice-Based,11.240541368075815
2027-01-09,555,279,10.809065673318598,17.73723870901872,30.14458855463397,107.28464504754598,1,0,5,Lunch,Light Meal,4.386360959240988
2027-01-10,532,622,15.34954613304876,16.677278543091703,33.582932745796576,86.5256190650122,0,1,6,Dinner,Roti-Based,17.79462586340101
2027-01-11,458,524,10.866243273559357,9.586959912072757,29.993443082888604,91.63369788667045,0,0,0,Dinner,Rice-Based,15.705300882786826
2027-01-12,360,538,10.697255539646033,3.5992195992914153,29.42024759433272,93.22785550476699,0,0,1,Dinner,Rice-Based,13.969393846637352
2027-01-13,589,585,17.088147579472412,8.434402350003072,24.70379948796129,101.42835952428428,0,0,2,Lunch,Light Meal,15.74672073228875
2027-01-14,377,430,8.505268023209354,15.395854674008328,18.021835233955624,89.3354567172085,1,0,3,Lunch,Rice-Based,12.47844290779177
2027-01-15,209,625,17.47630414660962,13.522486521977491,20.042707398505573,89.01823658200001,0,0,4,Lunch,Rice-Based,27.59008119481801
2027-01-16,460,371,9.322486417131024,9.890154833909346,27.087427260852664,113.31366667623874,0,0,5,Breakfast,Mixed,7.578629641907819
2027-01-17,337,328,7.908195902210109,3.8265230273824664,29.477208059355135,109.12608721893343,0,0,6,Lunch,Roti-Based,6.191369601731946
2027-01-18,371,295,10.171818401594582,9.403420917349539,25.096620826239864,90.41964706273511,0,1,0,Lunch,Light Meal,9.07433534416041
2027-01-19,585,249,15.724045256147631,10.035374095768253,30.421543195982636,97.19703423716473,0,0,1,Lunch,Roti-Based,1.8247988851812638
2027-01-20,212,533,4.268036501551897,16.92833299341204,26.871659020647037,95.66865997772696,0,0,2,Breakfast,Mixed,19.413054341162763
2027-01-21,367,336,5.535545885696313,12.616291553732392,19.26099532510331,108.73012222196222,0,0,3,Breakfast,Light Meal,7.202513133249935
2027-01-22,329,634,19.126006861935654,7.674793749819734,21.26427626645513,100.30638749434367,0,0,4,Lunch,Roti-Based,21.377822469427755
2027-01-23,283,575,5.158849292864433,10.87977396676082,32.279969795147025,88.83549210980401,1,0,5,Lunch,Rice-Based,19.561760469166135
2027-01-24,520,411,12.219091722758982,3.990829617332401,30.32351669261547,107.16976189468731,0,1,6,Dinner,Light Meal,2.7953344789107915
2027-01-25,518,238,12.427660399914881,17.588523534746052,33.21095377921242,96.90663934674757,0,0,0,Lunch,Mixed,1.221731553139056
2027-01-26,300,392,10.813240316904405,8.40089852896089,19.998473235055922,92.88772742896441,1,0,1,Breakfast,Rice-Based,14.94813822652888
2027-01-27,528,447,13.605414474382734,10.168010323697036,34.83378308845626,96.2649586606216,0,0,2,Lunch,Mixed,11.684990809187216
2027-01-28,472,569,6.136881064357132,8.32925961355384,21.559914137148873,99.93269690820689,0,0,3,Breakfast,Rice-Based,15.664558934759778
2027-01-29,464,402,11.947920819981467,13.237675951743002,18.200257896872913,95.29346549251028,0,0,4,Dinner,Roti-Based,8.078152328033056
2027-01-30,598,332,8.699118594444148,12.933482374943896,34.95618996391042,92.25717317775273,0,0,5,Dinner,Roti-Based,2.845951305975032
2027-01-31,237,402,13.910010673325402,13.729834657937035,22.778256052566924,96.95506086411942,0,1,6,Lunch,Roti-Based,13.651959910072316
2027-02-01,293,365,4.54202378071669,7.0221484441788125,29.35633069271352,85.57518732249694,0,0,0,Lunch,Mixed,8.61296011407846
2027-02-02,294,538,12.275793503110572,7.73502721746099,21.003599340997187,108.17493538288942,0,0,1,Dinner,Light Meal,18.772279268005096
2027-02-03,504,335,5.334866396899827,4.87876846644312,27.86388504738541,90.12834680702757,1,0,2,Lunch,Roti-Based,3.7801014661570163
2027-02-04,268,332,7.015575136070655,12.832649577691688,33.36859476972751,86.31713840891912,0,0,3,Dinner,Mixed,10.046266304566393
2027-02-05,517,470,5.936776405824498,3.5969569100347885,23.443079846283457,104.61096078715238,0,0,4,Lunch,Rice-Based,8.189929313431435
2027-02-06,435,470,5.291080037638708,11.965235032851886,29.394317592754106,108.21808386471017,0,0,5,Lunch,Roti-Based,12.808365702019433
2027-02-07,533,522,16.862797128092005,16.045438272774508,21.19436100957308,109.4148739477853,0,0,6,Dinner,Rice-Based,15.222469265801058
2027-02-08,572,532,7.142736217896026,16.362482224344504,28.62152177821833,99.805275479818,0,0,0,Lunch,Roti-Based,10.836494648995387
2027-02-09,575,337,18.688228073560087,9.735566405549426,23.719655980897674,91.16104554069956,0,0,1,Lunch,Rice-Based,8.899115420217909
2027-02-10,336,520,19.458677456213437,9.889555323196106,21.590540395995177,107.1168303174948,0,0,2,Lunch,Mixed,19.05770467717138
2027-02-11,275,380,12.282688458867753,4.15453774512026,23.324094861961797,105.99139231463012,1,0,3,Lunch,Roti-Based,11.225585014669935
2027-02-12,234,620,4.574020207983075,13.061475381645536,21.04029816463259,92.38812202309519,0,0,4,Dinner,Mixed,23.082638047485855
2027-02-13,200,417,8.741868380832463,15.318891305592683,33.332573833244005,112.10223267588378,0,0,5,Lunch,Mixed,18.788820297030284
2027-02-14,495,479,16.359180740267853,6.669825819070695,24.75217706739119,88.13114374248487,1,0,6,Lunch,Rice-Based,10.331966861573626
2027-02-15,519,367,8.613033116547268,9.319513224500469,22.169748184564245,114.48064718773978,0,0,0,Dinner,Roti-Based,5.70176068465061
2027-02-16,259,459,3.566309929450197,15.582590051479055,25.62293329727086,110.80743432932394,0,0,1,Lunch,Light Meal,14.675464335357546
2027-02-17,519,266,12.022128396707384,16.156807014934323,23.449114835710425,105.63695936437226,0,0,2,Lunch,Light Meal,5.95145447692384
2027-02-18,548,618,17.212175326928627,6.647699703963389,30.655127314826544,113.16249664839498,0,0,3,Dinner,Mixed,16.42811988254266
2027-02-19,527,417,16.326674968583042,11.258559518120464,34.5107385020534,106.66933504971124,1,0,4,Dinner,Rice-Based,12.585365052831518
2027-02-20,466,266,5.152216522346358,5.887397259537406,25.446572163859997,90.71370991090137,0,0,5,Lunch,Rice-Based,2.307171880031561
2027-02-21,560,297,14.1097630594244,4.5281814620933485,32.637567799528085,98.26468414338436,0,0,6,Lunch,Rice-Based,2.7650169696287
2027-02-22,428,343,5.969076741841648,16.666807520879363,27.61967225051353,87.14509072994906,0,0,0,Dinner,Roti-Based,8.860733686194012
2027-02-23,469,294,5.9277356219391,15.307612563481637,20.67300630660197,96.68972266864347,0,0,1,Dinner,Roti-Based,3.084030127078226
2027-02-24,515,578,17.733291919493333,14.400523527047609,29.740586615382806,107.24809059211626,0,0,2,Dinner,Rice-Based,17.11684370397191
2027-02-25,485,356,6.494041149324143,3.7314947821971063,26.72838645113894,96.59330052792453,0,0,3,Lunch,Light Meal,3.3843386826504385
2027-02-26,490,309,6.738452237324202,15.655931890653862,29.06031089528576,94.90882526404403,0,0,4,Lunch,Light Meal,2.006995709087418
2027-02-27,412,619,2.011761033703392,9.570661138580757,33.1246860137183,102.86067167530936,0,0,5,Lunch,Roti-Based,17.645201225049316
2027-02-28,364,544,17.67204261425932,8.135926849437894,25.487387701152784,111.16613586996685,0,0,6,Dinner,Rice-Based,19.314160189608995
2027-03-01,204,280,16.266706637764425,11.197145415380646,33.32001959469505,86.42749577638337,0,0,0,Dinner,Light Meal,13.013451843343834
2027-03-02,538,357,13.291920831632204,4.3702986408533375,30.76137324278813,96.56411304099205,0,1,1,Breakfast,Light Meal,3.8329702119331115
2027-03-03,578,269,15.504783750899161,14.349698240285983,26.30628373992574,89.74722225445788,1,0,2,Lunch,Roti-Based,5.643865215504979
2027-03-04,277,478,4.736874213640853,11.736526153324439,28.254776306185384,105.86062752195609,1,0,3,Lunch,Roti-Based,17.5026840497198
2027-03-05,261,326,10.249824702576358,5.798851453097512,23.534879252823195,88.17173681293404,0,0,4,Dinner,Light Meal,10.557891031319716
2027-03-06,331,332,8.321948972278056,5.8234829965356845,34.72115409555916,104.94423275740733,1,0,5,Lunch,Rice-Based,13.561550361902219
2027-03-07,288,569,3.687977472626297,5.763729773590113,29.344969771856732,93.58542612393722,0,0,6,Lunch,Light Meal,14.380200841087177
2027-03-08,436,473,10.750348733868634,3.85503581327901,18.74539649244271,90.96750441211674,0,0,0,Breakfast,Light Meal,9.50984005268868
2027-03-09,241,337,18.573313706167436,11.816976740575273,23.552572397716148,113.09057673474956,0,0,1,Lunch,Rice-Based,14.961139023869668
2027-03-10,288,417,2.7210641429125006,15.605222663827622,28.59634537390398,85.55573730237867,0,0,2,Breakfast,Roti-Based,11.610250925009638
2027-03-11,495,556,7.24629644288829,3.262473209810829,18.957665722587077,98.13331815668707,0,0,3,Dinner,Rice-Based,12.832891581712815
2027-03-12,527,584,5.735736851702662,3.735069674569103,18.40603125242543,85.64880977385381,0,0,4,Dinner,Rice-Based,12.074041390385768
2027-03-13,494,270,6.2866397659825335,11.591554150304187,25.650412071972646,99.50779144312988,1,0,5,Lunch,Rice-Based,7.245742804989929
2027-03-14,303,464,18.351821933828756,15.292435280790786,23.65573305477539,100.03142133383255,0,0,6,Lunch,Rice-Based,19.965586202429517
2027-03-15,213,622,10.425242976217222,7.901083358529504,25.45107633656382,94.64987414184242,0,0,0,Dinner,Roti-Based,21.939627313448586
2027-03-16,487,645,10.393389432916738,8.244215982115833,22.465786267960087,88.96485332575071,0,0,1,Lunch,Light Meal,13.587830015491715
2027-03-17,378,254,15.690361564195081,11.945197462451638,20.800201698030676,96.29162613203425,0,0,2,Lunch,Mixed,9.187293554265866
2027-03-18,324,521,4.780859672088664,7.113193336862205,29.715437068665743,105.16788819797698,0,0,3,Dinner,Roti-Based,13.963867511060588
2027-03-19,552,629,10.770776373800913,3.399125491165262,26.74770897655261,108.47187425933377,0,0,4,Dinner,Rice-Based,15.798495638348225
2027-03-20,222,288,9.739733854179075,14.02842777152394,21.402621591239235,100.92251807164428,0,0,5,Dinner,Light Meal,10.157348982249044
2027-03-21,262,568,12.74439242983981,12.384748694121797,23.43302024641997,102.69503183319267,0,0,6,Breakfast,Light Meal,22.039130367879537
2027-03-22,342,539,19.992038658507894,11.711339985834886,28.06073443027654,91.01849113373959,0,0,0,Breakfast,Rice-Based,20.87509469200666
2027-03-23,352,640,15.850080093476848,14.125261934877347,19.227898920632125,93.61990999682948,0,0,1,Breakfast,Roti-Based,23.41325100352466
2027-03-24,344,268,9.16158265431369,13.128462563430563,20.50670115752505,89.85686830157076,0,0,2,Lunch,Rice-Based,8.327161095856011
2027-03-25,424,624,16.895954940932846,6.088229822674817,19.245175269825634,92.47886050013834,0,0,3,Dinner,Light Meal,16.337582309662565
2027-03-26,508,293,5.072750539624643,8.287215704150267,31.80939465614002,91.74660340676596,0,0,4,Lunch,Light Meal,0.5
2027-03-27,303,411,2.548346353561282,4.891652125179375,30.790956964604156,100.58346359173713,1,0,5,Dinner,Roti-Based,9.155549169648861
2027-03-28,303,480,5.680070704356915,4.947855201268215,30.80631984194737,101.88066267372189,0,1,6,Lunch,Mixed,14.770787543999477
2027-03-29,238,575,8.127408010056673,13.142936195348089,30.177530839092476,113.34842262464514,1,0,0,Lunch,Rice-Based,21.08179561772389
2027-03-30,397,289,11.190453634272078,15.879001604737473,29.379552202387778,90.86711941304569,1,0,1,Dinner,Mixed,9.798435505526163
2027-03-31,333,309,13.072324529741596,17.440988757917083,26.108862561428975,104.25027130484489,0,0,2,Lunch,Light Meal,5.140600207747075
2027-04-01,266,479,18.39090290985959,12.425206763241667,28.918728779620956,109.51777806962568,0,0,3,Lunch,Mixed,21.212922871066397
2027-04-02,590,345,11.177372171908239,5.761519850414355,18.65214643139557,101.80724391349158,1,0,4,Lunch,Rice-Based,3.7473014717442212
2027-04-03,378,450,11.022961603263129,4.584755181733961,28.564895185165337,92.65010957503227,1,0,5,Breakfast,Rice-Based,12.298969687333141
2027-04-04,241,514,2.904374176813678,15.192764573051367,31.223920994126914,92.8765069006,0,0,6,Lunch,Light Meal,18.14773432342193
2027-04-05,214,638,2.6284079478120286,11.68134714539999,26.506092126534632,86.17759159213,0,0,0,Lunch,Roti-Based,21.031570787948315
2027-04-06,310,348,11.920879314494698,12.274275315205799,24.07772658326303,94.16332679645446,0,0,1,Lunch,Roti-Based,12.497154756241574
2027-04-07,356,499,9.8872150384702,14.721931331320638,22.716254491616645,107.3381103701014,0,0,2,Dinner,Light Meal,13.761072833819622
2027-04-08,488,532,17.105247109645376,13.549158415986774,28.927634852755403,86.42553271621331,0,0,3,Lunch,Rice-Based,17.161270972774858
2027-04-09,430,319,4.892232524813213,15.51687379284145,29.777620376708448,91.57885847514493,0,0,4,Breakfast,Roti-Based,5.4430032004095334
2027-04-10,356,545,2.4494899181068925,3.8432085818981774,32.80644919766323,106.18697495595346,0,0,5,Lunch,Mixed,13.60240366616211
2027-04-11,237,516,10.082697822742265,14.212809551197573,23.819679401836844,108.4795468846863,0,0,6,Breakfast,Light Meal,21.076998469953594
2027-04-12,296,401,6.274614021540635,15.762791359831432,31.086129225554956,98.65955230185786,0,0,0,Lunch,Mixed,11.371981596131091
2027-04-13,488,393,2.893058720099074,7.292025636874715,27.543049011218745,105.94223015435946,0,0,1,Lunch,Rice-Based,7.488565926548436
2027-04-14,453,535,15.04276916325732,12.606709109898793,33.00822034152735,96.63856505964677,0,0,2,Breakfast,Roti-Based,15.877830438740897
2027-04-15,395,583,4.008673999230455,7.712430957554582,26.972805841025554,89.79739735072383,1,0,3,Dinner,Rice-Based,16.04734868240852
2027-04-16,285,407,12.94975100013989,17.369565997236812,26.799707082765444,96.9444848056872,0,1,4,Dinner,Mixed,15.215414792911261
2027-04-17,521,276,7.058895503004004,3.5013535865325562,27.823910384495456,102.39903460609429,0,0,5,Dinner,Rice-Based,1.21242305511567
2027-04-18,209,250,5.122928906390396,11.696892657494326,30.738361037421384,113.4415984555867,0,0,6,Lunch,Rice-Based,8.711392448511846
2027-04-19,204,303,8.835527412547714,5.497553205742726,34.39973814008384,87.06252856266032,0,0,0,Lunch,Light Meal,11.017950693176584
2027-04-20,322,371,16.426023972013166,13.68330307765738,19.250577021668015,100.22182281534882,0,0,1,Dinner,Light Meal,13.245978209882658
2027-04-21,529,255,9.057684384282307,5.638354251279932,18.90838824064729,94.86759334632173,0,0,2,Lunch,Rice-Based,0.5
2027-04-22,552,432,15.513853685799003,6.530748928475363,33.93835573592476,100.24935082830083,0,1,3,Dinner,Light Meal,6.633876120399474
2027-04-23,317,633,4.258753342384712,10.41556216568637,27.007885633809504,85.71926342129595,0,0,4,Breakfast,Rice-Based,18.32493958266695
2027-04-24,493,627,15.909885553971424,16.72252424995317,28.45335124763791,94.39076064104744,0,0,5,Breakfast,Mixed,20.86745362771377
2027-04-25,596,583,6.264799848319676,6.175715582219563,26.20120122711039,109.59604442581015,0,0,6,Dinner,Light Meal,9.67057334705869
2027-04-26,358,325,14.19307633799971,5.163600316771553,19.592176694327065,101.61825201563913,1,0,0,Dinner,Rice-Based,11.010086260883938
2027-04-27,502,633,12.184067987137935,14.384652477810459,31.05751943311733,98.51747478448353,0,0,1,Dinner,Light Meal,19.125882113758202
2027-04-28,427,561,18.724604909810374,10.509292985008965,30.702818966505976,93.56575215146019,0,0,2,Dinner,Rice-Based,17.800050984571634
2027-04-29,564,439,8.971805323555653,16.676776685726573,23.298956465377806,93.94127568374068,0,1,3,Breakfast,Light Meal,7.337068653665354
2027-04-30,415,610,3.190973399019928,5.199218357397634,23.206067168882807,96.49304300771753,0,0,4,Lunch,Roti-Based,14.437991832819579
2027-05-01,383,382,2.3447987399225525,12.68891839534559,32.243303475393816,110.06712129893681,0,0,5,Dinner,Rice-Based,10.068256126985812
2027-05-02,214,439,16.883454097509556,6.493187192277226,19.23007338160255,114.01639620424805,0,0,6,Breakfast,Roti-Based,17.059146304671618
2027-05-03,356,489,11.445241477905778,5.35140642977459,32.97878752206162,98.15966144051123,0,0,0,Lunch,Rice-Based,13.448742133375937
2027-05-04,335,339,15.954392933029087,13.251441227359058,22.363248728230545,96.80058516243285,0,0,1,Lunch,Roti-Based,13.969234984479925
2027-05-05,460,613,6.219660800207264,11.905269298630998,28.080740711843397,110.39652327459589,1,0,2,Breakfast,Rice-Based,17.468334167552424
2027-05-06,356,555,8.211507419238206,14.322411875434968,33.91190104303022,97.8071596190891,0,0,3,Lunch,Light Meal,14.087410560312268
2027-05-07,246,619,2.541869699803741,7.6419386466927355,29.52808252612299,101.56054516886954,0,0,4,Lunch,Roti-Based,19.15767496078165
2027-05-08,523,401,19.30686184233402,9.719574845732849,25.04530681193962,91.92824993796233,0,1,5,Dinner,Light Meal,11.214990743219115
2027-05-09,531,325,14.021622320614641,9.082075144956278,29.72208155139206,107.30507607337225,1,0,6,Dinner,Rice-Based,7.629191964471708
2027-05-10,372,436,18.79769157966751,17.761341959497713,23.847653817378294,100.95964954812345,1,0,0,Lunch,Light Meal,17.995652660830686
2027-05-11,329,424,6.778935333723302,7.383734351090818,22.713393077936164,109.27103650721025,0,0,1,Lunch,Rice-Based,10.9252650891187
2027-05-12,294,289,13.006345002061895,7.422258575201504,34.943615724889554,108.42198190086009,0,1,2,Lunch,Light Meal,10.930623693524389
2027-05-13,314,263,14.21299942926748,8.318223132429111,30.763433930056394,91.45014304810086,0,0,3,Breakfast,Roti-Based,6.507726971445688
2027-05-14,442,548,7.715894604636592,11.468911219354823,28.9602396154909,106.46906651673288,0,0,4,Lunch,Rice-Based,15.455073060624677
2027-05-15,491,520,17.265966230281343,6.7848411639561785,24.03992393472842,109.00163223854113,0,0,5,Breakfast,Light Meal,14.473327624563838
2027-05-16,481,447,19.04890633220446,16.72934910568911,18.835734095635818,95.38321722347186,0,0,6,Lunch,Rice-Based,14.643926362361041
2027-05-17,498,403,17.927392118528076,6.985283472993952,18.527966892597647,90.17827338706823,0,0,0,Lunch,Rice-Based,8.184233517455663
2027-05-18,482,326,15.303205566908705,16.43723597340292,27.42108134262958,85.07896466738765,1,0,1,Lunch,Rice-Based,8.353450054584977
2027-05-19,268,303,6.994364235049172,4.55212595469877,30.954556257663867,98.52710959279445,1,0,2,Breakfast,Mixed,12.244500429931332
2027-05-20,347,557,7.069088757901371,12.848440535994785,27.135446237545537,95.57298194616524,0,1,3,Lunch,Rice-Based,17.181121922176196
2027-05-21,210,469,19.34048576802868,16.604782776573657,32.29334622296495,101.64729501476226,0,0,4,Lunch,Light Meal,22.001680047229392
2027-05-22,453,582,2.1851209268424565,5.531241575973443,18.568251062584768,90.64123277766357,1,0,5,Breakfast,Mixed,13.60999773235255
2027-05-23,529,240,14.8888995183586,17.524904401488826,24.234785299240983,110.78996642999425,0,0,6,Dinner,Light Meal,2.5721881014747736
2027-05-24,559,415,14.712430925994719,9.793250406232676,22.030196649961027,92.73265646884329,0,0,0,Breakfast,Mixed,7.332549308606853
2027-05-25,237,397,13.208411737096354,17.185726626615367,25.603640458671073,91.7928881526295,0,0,1,Dinner,Rice-Based,19.591133893202837
2027-05-26,333,636,19.821959229563586,13.152300654450706,19.23039868430008,99.42142169453068,0,0,2,Breakfast,Roti-Based,28.723376181655247
2027-05-27,399,226,7.613829843747054,7.523803048103273,34.220237906708235,99.96553071232823,0,0,3,Dinner,Roti-Based,2.246562291908904
2027-05-28,222,289,8.119493548278466,5.824537873756596,21.795341818179136,91.45255686355279,0,0,4,Breakfast,Rice-Based,9.244290553121175
2027-05-29,502,346,3.420909253038,7.55602569337649,33.67923218322094,93.15582180177748,0,0,5,Dinner,Mixed,0.8662669153542089
2027-05-30,545,618,9.970366457787275,4.395261138940125,25.24018363562359,90.09115717465735,0,0,6,Lunch,Light Meal,9.503935364068873
2027-05-31,501,379,6.698873472227266,5.158019495149946,34.7539102653387,106.55380534969501,0,0,0,Dinner,Roti-Based,3.7575403040095594
2027-06-01,562,467,8.180960639197597,4.569906605197217,27.418992518823583,108.10267093762246,0,0,1,Lunch,Rice-Based,7.319871126497021
2027-06-02,595,422,17.022292224601298,9.344153156123365,33.824158690988725,98.86985492377848,1,0,2,Breakfast,Rice-Based,10.28714977233788
2027-06-03,417,367,18.838721243494923,14.933675643863797,18.09093280780179,106.42261068055052,0,0,3,Dinner,Mixed,13.850456594126916
2027-06-04,340,362,5.3431952960933415,5.120753313245103,30.7200597050753,107.07806175812337,0,0,4,Breakfast,Roti-Based,8.41154606093175
2027-06-05,303,418,8.705160767962386,4.954806497585038,33.35186110274276,89.14826583033425,0,1,5,Dinner,Rice-Based,14.283502868422556
2027-06-06,409,624,18.715350118077094,12.651434242759962,20.37524963864222,113.9853407450361,0,1,6,Breakfast,Roti-Based,21.398382224676205
2027-06-07,310,645,3.1125522924060074,5.957744729520995,19.634139479446574,109.63095841289294,0,1,0,Lunch,Light Meal,18.72936433236464
2027-06-08,303,373,3.662489506004813,4.464150571634875,25.217734322161245,91.13450383587471,0,0,1,Dinner,Rice-Based,8.570807254323853
2027-06-09,515,595,4.930237805712128,5.502728673083665,33.8725414042599,90.58495107238211,0,0,2,Lunch,Rice-Based,10.252934066028295
2027-06-10,370,603,12.713831014283745,16.855970938151643,27.22057152323746,88.76983436738749,0,0,3,Lunch,Light Meal,16.13011893404198
2027-06-11,555,361,4.708500878107954,15.322068791642863,26.966759883269447,89.15135687625755,0,0,4,Dinner,Rice-Based,3.7993041708102626
2027-06-12,523,532,19.425374866113202,8.310968435326412,20.39914401108847,107.44485397086089,0,0,5,Dinner,Mixed,11.111138454781276
2027-06-13,332,384,10.040861490653366,12.837311509910892,18.01342168858472,99.0896277085487,0,1,6,Dinner,Light Meal,10.48399055574902
2027-06-14,575,533,11.027323286302995,11.059135105020571,31.77238154267284,108.48802518219601,0,0,0,Lunch,Mixed,12.457299206016222
2027-06-15,492,240,6.439855084497317,13.156863952238458,19.48876757076605,107.38764683050616,0,0,1,Lunch,Light Meal,1.7290784088668578
2027-06-16,527,301,10.477284543825203,13.24006728694139,28.775446918500506,103.13838140515665,0,0,2,Lunch,Light Meal,3.808840144843317
2027-06-17,326,288,13.914445387466207,12.431010225899893,33.54847972675826,105.59099819736039,0,1,3,Lunch,Mixed,13.084965026161841
2027-06-18,305,350,15.52118846517277,6.991520528059629,21.547082523693327,85.55067173137425,0,0,4,Dinner,Light Meal,9.5089764905916
2027-06-19,291,306,15.569625488778435,3.585096311442272,29.309638216027484,94.35332940415066,0,0,5,Lunch,Roti-Based,10.619970907052744
2027-06-20,486,437,12.40204002849359,9.833501729851632,19.33787580402766,104.13466537778231,0,0,6,Lunch,Mixed,9.287028957286585
2027-06-21,577,640,18.27847594988943,16.364608270360556,28.26383744523942,85.28034860458733,0,0,0,Lunch,Light Meal,17.058858269706317
2027-06-22,592,524,16.713341251509966,11.542458877778639,20.786839256204445,85.9893083104778,0,0,1,Dinner,Mixed,12.03238931481809
2027-06-23,250,622,15.626866064575257,15.48586562552862,30.511210528758028,110.55663947411149,0,0,2,Dinner,Light Meal,24.538777980016945
2027-06-24,228,590,3.000899390248291,17.874365144418423,23.12093201149644,105.52074585076215,1,0,3,Lunch,Light Meal,21.065915868075496
2027-06-25,495,564,2.1238033199536877,5.454243062074144,25.877647149678985,92.96109199361032,0,0,4,Lunch,Roti-Based,10.290416117254756
2027-06-26,496,560,5.824050989518513,13.376664587129735,28.190319214469568,105.63888520356127,0,0,5,Dinner,Roti-Based,13.444362540060421
2027-06-27,413,603,13.943424690442141,13.11440360550037,20.911647981326073,108.7737000741779,0,1,6,Lunch,Roti-Based,17.790877360617973
2027-06-28,466,615,9.401554799885824,17.699331710374175,30.607842916499557,94.20382849330304,0,0,0,Breakfast,Light Meal,17.776230025122796
2027-06-29,456,644,9.243312667387611,17.784011009292005,23.144885790825846,86.08112132497563,0,0,1,Breakfast,Roti-Based,16.05916629221881
2027-06-30,501,380,17.92256398813305,13.300179175861942,29.26032161851681,112.98337374063203,0,0,2,Breakfast,Mixed,9.515113475523677
2027-07-01,300,397,18.120131266373097,6.654221879732914,20.69081186188935,95.35539514886892,0,0,3,Lunch,Light Meal,13.839053313896375
2027-07-02,545,336,18.365154752964543,14.978337571958985,29.698000206507956,88.19445289854119,1,0,4,Dinner,Mixed,10.064862317321214
2027-07-03,309,415,7.649805377270491,4.605437013165572,20.17919723777785,99.75570614179442,0,0,5,Lunch,Roti-Based,11.33630376759013
2027-07-04,381,602,14.439004629306712,14.71048956257443,25.231060436589722,108.05403386992401,0,0,6,Lunch,Light Meal,20.129301266767847
2027-07-05,512,546,6.889397262938654,16.652941862170444,22.202503253560906,91.64941943852678,0,0,0,Dinner,Mixed,11.168352904187527
2027-07-06,200,305,5.430976995340096,8.742500921526528,30.722379240279103,93.0847015040009,0,0,1,Dinner,Rice-Based,9.990669310984098
2027-07-07,518,508,5.323384232252646,12.459529424746208,22.45459507661687,92.2814496039575,0,0,2,Lunch,Mixed,7.03462096424227
2027-07-08,254,300,8.157937175544692,9.452140981452395,32.989194208721734,114.75019158495034,0,0,3,Lunch,Light Meal,8.19963904903525
2027-07-09,570,371,9.73923715603679,9.566475824821927,33.16094359391242,90.92211201191628,1,0,4,Breakfast,Rice-Based,4.694522328633979
2027-07-10,598,280,16.95708507899123,7.6555633366218006,21.33950235878736,102.26560650898372,0,0,5,Breakfast,Roti-Based,2.5788439806659755
2027-07-11,348,280,4.158039682508818,14.43194430675487,28.435381065131313,112.75793924970893,0,0,6,Breakfast,Roti-Based,10.27831178010808
2027-07-12,508,573,15.228665253108096,17.042648462497578,19.491199909239395,89.40689706633337,0,0,0,Lunch,Mixed,17.548586364668445
2027-07-13,336,247,11.566188455407497,17.11126288851692,24.656130693227695,114.12562593603101,0,0,1,Lunch,Roti-Based,5.3348437518829925
2027-07-14,401,262,7.183016168167865,5.6217192731240075,30.12646940152163,113.42431703186874,0,1,2,Breakfast,Mixed,3.184765279170297
2027-07-15,512,388,10.870752521590843,16.12115474484849,29.210195196448577,111.53715961174788,0,0,3,Breakfast,Mixed,7.2786998627686454
2027-07-16,316,642,7.398957255986407,14.061471621406833,28.619911379912335,91.43669563990007,0,0,4,Breakfast,Mixed,18.12670050668832
2027-07-17,353,305,12.729475194289508,6.792561010354339,22.80319468226154,104.0216516803295,0,0,5,Lunch,Mixed,8.264504261396063
2027-07-18,490,396,9.809190611394396,4.0092691938227185,24.426424140384835,107.82674418883721,0,0,6,Lunch,Light Meal,6.510814160062124
2027-07-19,262,236,4.959299523419817,7.01995900326567,19.750084459904865,114.58083784589289,0,0,0,Lunch,Light Meal,3.745543143162014
2027-07-20,443,317,4.098495342002541,16.683123551722886,30.223387947371215,90.41271466244112,0,0,1,Lunch,Rice-Based,5.868115729495282
2027-07-21,224,417,11.840522277298343,12.497680123436584,26.56610954545165,107.9807769855789,0,0,2,Lunch,Rice-Based,17.69624356501718
2027-07-22,289,317,18.24343459914986,13.815819913468077,30.049015749876126,95.16403509781338,0,0,3,Breakfast,Roti-Based,13.96121949386826
2027-07-23,274,284,8.19123835803834,6.8572852666364374,22.232039921546836,90.26879396704007,0,0,4,Lunch,Light Meal,7.2637383481437015
2027-07-24,493,549,15.194001930007218,13.790822333622303,23.515449886796127,97.64130823641565,0,0,5,Dinner,Rice-Based,16.607619041691933
2027-07-25,585,560,13.855904388915805,3.4218225941688565,23.68166073342195,108.81507736445849,1,0,6,Dinner,Light Meal,12.11262295782606
2027-07-26,590,224,18.76798845757066,8.629820186595207,18.437620965702674,98.94549411112156,0,1,0,Lunch,Light Meal,0.5
2027-07-27,409,221,16.777658311384535,12.401300228134968,23.7978138381206,101.12569300609145,0,0,1,Dinner,Roti-Based,4.875316218743711
2027-07-28,546,241,12.198894660298334,5.191448483119803,31.65617774980657,114.85478230600364,0,0,2,Lunch,Roti-Based,0.5
2027-07-29,216,331,13.826548968213931,15.345053616704021,33.25407442774556,96.97327898672278,1,0,3,Breakfast,Mixed,18.528945049266298
2027-07-30,327,276,18.17095639851263,6.52546948217878,26.809711365810767,103.4620226412772,0,0,4,Dinner,Light Meal,6.676000850530074
2027-07-31,563,285,9.191338122564826,12.784216692276694,25.743528818726745,95.95732604846116,0,1,5,Breakfast,Mixed,4.980669473390645
2027-08-01,450,549,7.882304705439992,9.077957138629944,18.524018517889296,96.78356938986114,0,0,6,Lunch,Mixed,11.327383270912916
2027-08-02,378,317,2.1945995054335343,11.940653932164707,32.946473738951504,105.86922260336225,0,0,0,Lunch,Mixed,7.577438232699275
2027-08-03,381,363,16.877919335446357,4.611758289433622,18.221173628239836,113.1366092828465,0,0,1,Lunch,Light Meal,11.649384027684635
2027-08-04,351,587,16.417652607260568,3.25369199882411,34.0607513635736,101.27076851476964,0,0,2,Lunch,Light Meal,19.624843271304965
2027-08-05,224,344,3.8801813258027247,16.64346641070452,26.316676227697542,108.05199786846339,1,0,3,Lunch,Mixed,12.69262792720781
2027-08-06,379,386,12.383432860388604,7.044450131507742,23.812886390770352,87.67619676450892,1,0,4,Lunch,Light Meal,10.912385901499913
2027-08-07,397,305,10.351670567003973,15.295155041706886,33.71171339232522,91.33474112295781,0,0,5,Lunch,Mixed,7.1669568177968825
2027-08-08,543,295,4.136763719164007,17.990254507083,18.414646882871644,100.06394922758597,0,0,6,Lunch,Rice-Based,2.261719704981067
2027-08-09,360,563,19.650228087093023,6.171468869983667,27.88422321277448,85.60035170886324,0,0,0,Dinner,Light Meal,17.824158915028786
2027-08-10,376,643,5.864525974340398,6.977561117750334,27.33185291648874,92.58564936287677,0,0,1,Dinner,Roti-Based,18.184135210675752
2027-08-11,484,513,3.2102152416301006,12.942896814519985,21.728446820593497,100.52203869474899,0,0,2,Lunch,Roti-Based,9.534800815783315
2027-08-12,262,278,12.707252831034372,17.48172951900932,25.29108633295358,85.44883594768902,1,0,3,Breakfast,Mixed,13.400231724417239
2027-08-13,349,357,15.299600188394589,16.73721522286116,29.088488101044092,92.93638858678125,0,0,4,Dinner,Rice-Based,12.0631537187277
2027-08-14,353,318,2.5839820288493653,10.543132800983773,30.36123034699277,100.42092458427608,0,0,5,Breakfast,Light Meal,4.140793038461031
2027-08-15,355,411,13.8569174970864,14.92665423790087,18.012186598011855,102.19447743943738,1,0,6,Lunch,Mixed,15.25358081436142
2027-08-16,569,462,11.58125376712618,5.036187796498516,33.92650831154726,112.77255079165917,0,1,0,Lunch,Rice-Based,9.540805044958558
2027-08-17,248,538,3.8587701597508715,17.661572763060185,20.79693133067781,104.36036869751824,0,0,1,Dinner,Rice-Based,20.496032689332313
2027-08-18,536,268,5.105429785034517,17.465298510539796,21.970867381780106,97.44207407589981,0,1,2,Breakfast,Light Meal,0.5250844693312908
2027-08-19,283,251,12.22353735168945,5.455934368187565,22.47904857679542,112.91053531399203,0,0,3,Breakfast,Roti-Based,11.222621865456636
2027-08-20,560,610,7.334437043239191,7.491346872046599,18.6429423213846,108.54648950163383,0,0,4,Lunch,Roti-Based,9.702060758770642
2027-08-21,376,496,18.889683115723688,4.502324962601504,20.091886101035524,91.00026763338244,0,0,5,Lunch,Rice-Based,16.509480934052494
2027-08-22,347,239,16.737324130712913,7.0757639834726955,34.76794869005076,88.92527084046459,0,1,6,Lunch,Roti-Based,7.255747255168373
2027-08-23,317,373,19.704209717245934,15.2393368412281,23.358684535413865,105.27434907228199,1,0,0,Lunch,Rice-Based,16.82759247009469
2027-08-24,541,602,6.6740751011074515,8.674734107478892,19.96011853576384,101.79649496730951,1,0,1,Lunch,Rice-Based,14.591331517061377
2027-08-25,262,287,19.455025390363588,4.325954507201375,19.818851439968597,108.69020841378267,0,0,2,Breakfast,Rice-Based,13.552558228479182
2027-08-26,388,585,9.762209656248041,8.133382871683569,30.23081945038952,107.1641515023606,0,0,3,Breakfast,Roti-Based,17.858176853402362
2027-08-27,559,591,8.255338315647583,17.720750013619202,32.527667288554895,103.75634601572546,0,0,4,Dinner,Mixed,14.05465980866333
2027-08-28,248,433,2.9062914854483584,12.445253928888043,22.368189091643988,114.59146514886677,0,0,5,Dinner,Roti-Based,14.397278884931206
2027-08-29,526,362,2.949774641472847,9.242414196092366,18.355461709698993,101.00769190331226,0,0,6,Lunch,Mixed,1.7982843733207146
2027-08-30,456,595,14.456202607039785,5.4980777024590495,21.79253031357105,88.39317269505159,1,0,0,Breakfast,Roti-Based,16.62079902083665
2027-08-31,423,451,10.242721899812501,17.792651959255423,18.960766743544873,109.84820694447964,1,0,1,Breakfast,Light Meal,14.826836007662692
2027-09-01,340,432,6.0773892686499025,15.312735138946932,19.757713922710707,92.55560087037126,0,0,2,Lunch,Light Meal,8.283472284561904
2027-09-02,414,298,13.051465513854188,7.222159536763791,25.33563803740992,108.31906444431755,0,0,3,Dinner,Roti-Based,6.894006977572398
2027-09-03,578,433,6.551446128502001,4.051030435817841,21.908612304647754,113.71321288000155,0,0,4,Lunch,Light Meal,4.276860504966058
2027-09-04,410,335,12.397371578199607,3.8493833606633707,26.771079934932196,105.90386541893024,0,0,5,Lunch,Light Meal,8.604963663064387
2027-09-05,517,311,8.465757445688427,4.805672242583007,22.30939380537224,102.88090482849404,0,0,6,Dinner,Light Meal,2.326772774200356
2027-09-06,231,489,16.823940079012743,11.711528754216324,33.98913411875011,98.81158527025121,0,0,0,Dinner,Light Meal,19.901693742636372
2027-09-07,357,630,16.772530893802028,16.931451318082388,33.4010474547465,95.93229597986209,0,0,1,Breakfast,Mixed,22.473074596295742
2027-09-08,484,600,10.592307166203224,10.451151420089767,27.635703785177924,95.59014252915509,0,0,2,Breakfast,Rice-Based,16.93960085072671
2027-09-09,504,387,8.314743968030282,15.644182236842957,24.025207863785564,104.09118117128772,1,0,3,Breakfast,Mixed,10.5753402614798
2027-09-10,485,277,8.526076338063701,9.688299297897117,24.479496994590505,107.53819350813238,0,0,4,Dinner,Rice-Based,2.4070984613441273
2027-09-11,343,503,16.502861462027923,13.628753186517379,25.001488813456447,105.35551208453244,0,1,5,Dinner,Rice-Based,20.387294076814484
2027-09-12,218,245,7.907230690357016,13.978091059297512,30.368848476294048,90.95230303580688,0,0,6,Lunch,Roti-Based,10.704240125186557
2027-09-13,217,588,5.763068726723228,5.60945558855008,25.677862923820243,99.81961540430474,0,0,0,Breakfast,Roti-Based,20.474283979828986
2027-09-14,456,285,3.524390153755523,8.418240884637177,32.56440909060026,108.7492021654919,0,0,1,Lunch,Roti-Based,2.706992027713582
2027-09-15,277,628,10.400476175919351,12.55953234807036,34.0496113608162,99.27112234567169,0,0,2,Lunch,Roti-Based,22.140428271337196
2027-09-16,570,467,10.678377780557154,4.060449122765492,23.711084607441876,101.09869839206482,1,0,3,Lunch,Roti-Based,10.026913399737994
2027-09-17,374,473,17.13635678725233,8.423102816444349,27.531806183386564,108.13408144512466,0,0,4,Lunch,Mixed,14.147608406309061
2027-09-18,393,606,5.982296536029152,11.021991994217887,19.615961126153596,104.83795918795275,0,0,5,Breakfast,Mixed,17.78918028564297
2027-09-19,312,263,8.857842926031198,17.94336739566958,21.407973812028104,97.28034762647178,0,0,6,Dinner,Light Meal,5.085873629012617
2027-09-20,313,316,16.55130330008644,10.118003439336611,25.02891803407272,111.86238133582657,0,0,0,Lunch,Mixed,13.49202117803134
2027-09-21,421,261,16.825224993481523,15.240851356714854,21.50544617033024,89.87701205990436,0,0,1,Lunch,Mixed,7.223684246967536
2027-09-22,365,446,8.922999367617827,9.481009275999266,32.9015283434082,114.86549345770975,1,1,2,Breakfast,Roti-Based,15.023035272934086
2027-09-23,518,481,10.264232419160257,14.945860839295634,20.690866353004665,88.56557735428711,0,0,3,Dinner,Light Meal,9.163012602544368
2027-09-24,331,386,7.459146035287093,11.931222024301626,25.746233966402563,85.44849913312717,0,0,4,Lunch,Mixed,10.715356403218733
2027-09-25,584,498,18.785987811547617,16.298931622535974,28.296887087817886,111.70056703446295,0,1,5,Dinner,Mixed,15.076680397427998
2027-09-26,463,308,4.135587783348446,9.16413828525165,29.761686438734355,92.34860525097868,0,0,6,Lunch,Light Meal,3.6039191552738474
2027-09-27,254,598,18.80748961402646,12.064566297322184,24.512179285350616,106.89098882340163,0,0,0,Dinner,Rice-Based,26.860050847118327
2027-09-28,558,397,14.309596133036179,12.450280209282411,32.774684168320384,109.33046124796208,0,0,1,Dinner,Roti-Based,8.173976148707371
2027-09-29,330,646,11.568298748361162,9.2607441270071,27.661425568324734,110.7695917309635,0,0,2,Lunch,Mixed,19.1210367616358
2027-09-30,487,622,2.5878630941209257,5.164680655312223,25.47163226760838,114.747827069925,0,0,3,Dinner,Mixed,15.452677694270013
2027-10-01,465,416,10.56073145279615,4.403391103685033,19.143090778884623,93.82119130119997,1,0,4,Lunch,Light Meal,6.528776393079709
2027-10-02,565,526,9.339465890049182,3.2500732589944965,25.899720963567805,106.30730025781777,0,0,5,Lunch,Mixed,8.855761346544263
2027-10-03,361,486,4.901938615552206,16.10301396367822,31.952509293867415,88.46199574842484,1,0,6,Breakfast,Roti-Based,13.979129312551276
2027-10-04,579,487,13.815372863011824,6.547123683580418,28.447197309762362,97.20427874070548,0,0,0,Lunch,Mixed,9.429544629404978
2027-10-05,286,293,19.480716332629143,6.172601239226521,32.14676171339501,110.43915079937771,1,0,1,Dinner,Rice-Based,12.206074272017494
2027-10-06,254,227,12.119398599161451,14.040531006390983,26.398198400188196,96.02974138177325,0,0,2,Dinner,Roti-Based,6.912042120686989
2027-10-07,487,627,14.865558975991025,7.800241696310876,20.01384898660619,102.73286141606842,0,0,3,Breakfast,Rice-Based,17.86674899682824
2027-10-08,377,516,3.232108146188302,10.59067038617755,18.23187737920998,100.11320331173903,1,0,4,Lunch,Light Meal,12.530608822080229
2027-10-09,590,383,9.518005924705905,5.437665979461844,23.15473229421605,104.37854593336135,0,0,5,Breakfast,Roti-Based,5.7922171393035065
2027-10-10,548,304,4.094452732960926,17.39618582192954,29.865838015462472,114.18683168163085,1,0,6,Lunch,Mixed,4.388726186731926
2027-10-11,207,291,13.030325039657187,15.773721000258561,31.434418367008796,86.67206579504206,1,1,0,Breakfast,Roti-Based,13.4982416706903
2027-10-12,520,274,18.892678847854782,15.95684434447505,23.0277981885456,102.21884552504889,0,0,1,Dinner,Roti-Based,9.045680132369984
2027-10-13,512,612,13.911999184489494,9.101606228580078,26.4261166550152,110.89086337750854,0,0,2,Lunch,Roti-Based,16.754459885782296
2027-10-14,446,266,3.3824548696595875,14.435418205607592,25.15902137537939,99.44148135245283,0,0,3,Lunch,Rice-Based,8.11490890762577
2027-10-15,522,618,8.383991689731491,5.158142330846703,24.978887333974274,87.35581557824719,0,0,4,Dinner,Light Meal,9.237587315009428
2027-10-16,454,457,11.911940829935327,3.129285038876704,21.932928124402558,101.81618057250313,0,0,5,Lunch,Roti-Based,10.228735298143919
2027-10-17,527,323,9.25773961039854,3.2995939886704218,20.318308785500793,94.96221672471461,0,0,6,Breakfast,Mixed,3.594148220066511
2027-10-18,253,429,17.005592188553102,11.799026061068407,21.343705489930624,89.64825356013807,0,0,0,Lunch,Roti-Based,16.779147339626782
2027-10-19,448,261,16.664078084779806,9.830923578719112,18.940650581776882,110.4710353985042,1,0,1,Breakfast,Roti-Based,7.276248748632177
2027-10-20,438,535,13.012958361857986,10.770230233627796,21.36822261100081,100.64798538973365,0,0,2,Dinner,Light Meal,16.227280439199625
2027-10-21,428,487,8.722243012388695,3.111947106258291,18.15641525963145,112.998292371372,0,0,3,Lunch,Mixed,12.303590643694566
2027-10-22,266,605,6.5960547277383945,9.340299294861385,28.66339281081163,109.18049513809207,1,0,4,Lunch,Mixed,19.20523469834343
2027-10-23,250,482,3.9057377278363274,13.771022418012912,23.37838192559061,105.78915381321002,0,0,5,Lunch,Rice-Based,15.473439579134988
2027-10-24,296,555,8.388158302757972,9.640405529511538,34.54346009425745,85.15076510095936,0,0,6,Breakfast,Mixed,15.629551835763044
2027-10-25,291,606,9.437105309738952,13.983288094683333,21.293189863197064,97.8347036991475,0,0,0,Dinner,Mixed,20.794440286038185
2027-10-26,463,584,14.164812651873325,6.495284465952522,23.879085695263097,90.92458844956097,0,0,1,Dinner,Mixed,16.9737820949052
2027-10-27,490,478,13.846876837356323,15.197130067225881,24.083299696906064,112.32393733146603,0,0,2,Dinner,Roti-Based,12.597577696253826
2027-10-28,295,502,3.2619465135426253,11.826468606801784,18.14367543306183,90.2375195402908,0,0,3,Lunch,Rice-Based,14.76869609260606
2027-10-29,287,333,9.11466767776084,6.161446491448594,32.266535201670806,93.58180154977856,1,0,4,Lunch,Mixed,9.721428469245419
2027-10-30,277,582,5.2720196099125145,6.550807137807494,18.54390582245352,100.50510303203498,0,0,5,Breakfast,Mixed,18.998984967006923
2027-10-31,487,259,4.822628695702503,12.420456968543055,33.983057190397105,92.90090856994237,0,0,6,Lunch,Mixed,3.885887601789823
2027-11-01,319,636,16.891438695270427,15.44909389818665,33.16526396859155,91.29594031837364,0,0,0,Lunch,Roti-Based,23.04542400811302
2027-11-02,501,439,2.7544739008926356,9.234416730437328,27.10387257346138,102.97297975308257,0,0,1,Lunch,Roti-Based,9.00217284996436
2027-11-03,599,348,9.545291766238183,6.874506436913883,27.241124773491965,87.66788568265072,1,0,2,Dinner,Rice-Based,3.6340822780338886
2027-11-04,364,227,5.027665803797327,16.00517410365901,29.11422469025466,86.74503276162774,0,0,3,Breakfast,Light Meal,1.4286619808195251
2027-11-05,381,320,17.82794388221253,13.039024376262523,24.579850202893077,96.16735885558214,0,0,4,Breakfast,Rice-Based,12.684435189046454
2027-11-06,597,635,12.026729238950633,9.721282309246147,29.00277881776354,106.61993363523587,0,0,5,Breakfast,Roti-Based,13.973265619550059
2027-11-07,422,599,6.164851454783264,10.318502929189528,18.761062607704275,101.64420274821845,1,1,6,Lunch,Mixed,17.522065336662408
2027-11-08,510,395,11.043691168994776,6.063847019045946,18.91880966494535,97.68629405400337,0,0,0,Breakfast,Mixed,7.123335325089835
2027-11-09,206,326,15.166754474656084,12.402039450972659,25.772917133532253,101.97254692673746,0,0,1,Lunch,Rice-Based,12.992760969660843
2027-11-10,529,320,19.246124160549808,8.38113765814333,27.343579118802595,95.9635445395982,0,0,2,Lunch,Mixed,4.141505353506858
2027-11-11,462,479,5.968028076417541,17.93467765011524,33.092899885708924,113.0843900629634,0,0,3,Breakfast,Roti-Based,12.254564885900264
2027-11-12,360,585,17.951271898328212,10.202752728928317,19.779230776434236,86.64714672732323,0,0,4,Dinner,Rice-Based,21.018361719136408
2027-11-13,350,465,18.817474055014824,10.288284092844197,31.985014762296117,105.20174437089506,0,1,5,Lunch,Light Meal,19.026756519363115
2027-11-14,284,494,18.495569801577194,11.487776811160078,21.570804733965183,111.73847994483252,0,0,6,Lunch,Roti-Based,20.83572358216908
2027-11-15,346,251,13.437458423514377,16.751340046781202,24.69942202467054,109.11654126205761,0,0,0,Lunch,Roti-Based,9.834213878649965
2027-11-16,311,356,13.336771779824739,15.012271497896254,23.38224139206602,90.5212310446434,0,0,1,Lunch,Mixed,14.714985108809568
2027-11-17,580,231,9.25779139730881,9.766951046967622,24.80263963871178,93.87779046940865,0,0,2,Dinner,Roti-Based,0.5
2027-11-18,235,614,15.543161881468182,13.78048898959194,20.558423467233954,106.51143816121314,0,0,3,Breakfast,Roti-Based,23.77820149230986
2027-11-19,484,521,11.563292330316775,11.793532481711425,26.560691264860434,87.52811677542297,0,0,4,Lunch,Light Meal,13.332398726917651
2027-11-20,387,594,14.193885282109301,10.385505730518734,31.627924027133243,109.35585099497752,0,0,5,Dinner,Mixed,20.637908166768515
2027-11-21,281,235,9.712242269278319,5.884736591765257,25.50607817644125,106.56720833814371,0,1,6,Lunch,Roti-Based,7.5415844570264285
2027-11-22,201,348,15.166936352776503,9.959043951823364,26.340430790269384,106.88819947706028,0,0,0,Lunch,Mixed,13.6727084142067
2027-11-23,584,282,16.840487316881884,6.68727880533862,32.42904894978234,88.00724110802774,0,0,1,Lunch,Roti-Based,0.5
2027-11-24,502,328,4.63585261885069,16.72263224777482,30.002987948846524,106.53281634448692,0,0,2,Lunch,Light Meal,5.690191440650825
2027-11-25,396,594,16.992734880336105,8.031102202445204,26.33772494483634,105.39454375659909,1,0,3,Dinner,Mixed,21.527834206233624
2027-11-26,210,240,11.72533757222553,17.283960218000583,22.380826019216055,109.92767472465552,0,1,4,Breakfast,Mixed,13.950148550771852
2027-11-27,433,377,17.20398636362404,10.995829351420667,33.04375469636443,86.24787868769408,0,0,5,Breakfast,Light Meal,10.999884938208938
2027-11-28,585,488,9.763430714138263,12.473165680142404,27.809346828739493,85.69332005403376,0,0,6,Lunch,Rice-Based,7.95786048184417
2027-11-29,394,381,8.82272873689463,11.144106667339916,21.759509371881787,96.19021299635682,1,0,0,Lunch,Roti-Based,7.893205811699242
2027-11-30,318,479,18.471093185310004,4.940709254500513,22.575035794846176,89.46364851547459,0,0,1,Lunch,Roti-Based,16.696798739150083
2027-12-01,595,631,6.521046815871223,8.637318285119115,31.653262511916182,101.75153432710665,0,0,2,Lunch,Rice-Based,14.760451979810213
2027-12-02,219,321,17.195821855150577,4.487191684164359,18.750474555486743,112.52046704520247,0,0,3,Breakfast,Mixed,14.344792719356006
2027-12-03,460,442,10.712370305169275,12.344310662750726,34.86556717948994,96.74439191002047,0,0,4,Breakfast,Mixed,8.792818947641887
2027-12-04,492,278,11.253717965922675,9.703112928006583,20.21597855515146,110.34851131817813,0,1,5,Dinner,Light Meal,5.02171316154606
2027-12-05,455,466,7.552429066810713,14.669774573564052,31.533164931747933,85.007226235536,0,0,6,Breakfast,Light Meal,8.347852887880899
2027-12-06,421,347,12.314759611142282,6.3070572149905475,24.71118038511861,90.05543930377553,0,0,0,Lunch,Light Meal,4.364432592658813
2027-12-07,592,502,7.853801532971803,5.468490876440024,26.367675115886936,85.91270618962257,0,0,1,Lunch,Rice-Based,7.6448451796923464
2027-12-08,425,544,2.7068494563497416,9.094983464456517,32.97105981689782,94.84441541545206,1,0,2,Dinner,Rice-Based,14.583575911787944
2027-12-09,252,244,6.895974896198409,16.89878074827572,25.019490223016625,112.24568787089508,0,0,3,Dinner,Mixed,9.530442976849232
2027-12-10,554,350,2.114822781318632,13.656327225186176,27.137393812444987,87.90856370796963,0,0,4,Dinner,Light Meal,2.439259685963797
2027-12-11,541,572,19.61038616702342,9.28385437189378,18.838094260955888,103.19229330231401,1,0,5,Breakfast,Mixed,16.176679624881444
2027-12-12,563,415,19.383449776755455,10.759082546314659,18.039907055746703,98.54487817358333,1,0,6,Dinner,Rice-Based,11.98716823669381
2027-12-13,479,500,9.11279535450149,4.263195167656475,22.16159784102934,113.15404637097437,1,0,0,Lunch,Roti-Based,11.409612528542358
2027-12-14,280,623,15.110675378113628,17.7686384456417,29.569912579619043,88.67557427611281,1,0,1,Lunch,Mixed,25.061419037453366
2027-12-15,401,637,8.22450977138765,12.996109570423783,20.061503187105323,91.36083551506687,1,0,2,Lunch,Rice-Based,20.89362713588309
2027-12-16,357,373,14.07967682754757,7.281061026951337,19.93395329967734,85.88625905834479,0,1,3,Dinner,Light Meal,12.335022946954862
2027-12-17,319,601,16.497740774827623,11.787125913228666,24.986330336610358,98.01805748894121,0,0,4,Dinner,Roti-Based,21.725913733572675
2027-12-18,258,352,19.041612404460334,4.64223549103491,29.013229656339853,93.33498698693963,0,0,5,Dinner,Roti-Based,14.180343997191898
2027-12-19,414,446,9.203820965294096,17.487550032113752,30.105223868214818,111.09717801670962,0,0,6,Dinner,Roti-Based,12.977881628058483
2027-12-20,327,408,16.099363693208858,5.621774818250489,21.03366145967237,103.14822439593266,0,0,0,Lunch,Light Meal,13.416516098366921
2027-12-21,423,484,6.786712111378138,12.720454770828212,19.35299850532472,103.42272213927106,1,0,1,Lunch,Roti-Based,15.132709260421034
2027-12-22,408,591,19.82598146828567,6.681816938083957,33.98674957707425,100.95732090643907,0,0,2,Breakfast,Rice-Based,22.626232491969752
2027-12-23,569,353,2.4638527777583206,13.763420739728037,22.43132850355573,87.75551011687602,1,0,3,Dinner,Mixed,5.948223668850338
2027-12-24,314,430,12.863518517020177,14.652320508604216,32.506890459348305,98.35056051176066,0,0,4,Breakfast,Roti-Based,14.840914945371704
2027-12-25,408,279,13.871107669723887,13.101295933671489,32.67935465786791,114.9851556912555,0,0,5,Dinner,Roti-Based,9.66299695121519
2027-12-26,213,647,14.38482002733432,12.217491903827888,31.132884059963256,110.05687872538044,0,0,6,Lunch,Rice-Based,27.304782255002692
2027-12-27,208,596,4.166976418203602,16.387036409280174,20.870171313093692,111.80377162501348,0,0,0,Lunch,Light Meal,20.248835407823993
2027-12-28,239,614,18.893536102516347,4.179400664846371,31.970624807321407,109.69679077739498,0,0,1,Breakfast,Roti-Based,24.251029049745107
2027-12-29,436,583,5.261299022901491,7.963721486702928,31.077259507106973,88.09125080292948,0,0,2,Lunch,Rice-Based,12.506739535917902
2027-12-30,480,583,13.20956125831714,6.724312194462689,28.14429083180569,91.82344762194398,0,0,3,Dinner,Rice-Based,16.2321207479783
2027-12-31,558,432,6.008169424215529,17.820209430981322,23.732434597872196,85.09364954069228,0,1,4,Breakfast,Light Meal,10.067933020694515
2028-01-01,400,435,7.529895506382876,8.840846695003101,22.46264627253125,94.10530374634334,0,0,5,Lunch,Light Meal,10.75027319572969
2028-01-02,445,445,11.836253751106238,13.989190488605981,20.0721166053661,88.25822207039478,0,0,6,Breakfast,Mixed,13.623969709876091
2028-01-03,477,350,9.509481534162376,13.270877458215068,26.665870137314812,99.1838003590475,0,0,0,Lunch,Roti-Based,6.23208143859269
2028-01-04,434,295,4.884060817577113,6.181218562160666,27.94943488366739,105.31382465721705,0,0,1,Breakfast,Mixed,4.610338924894689
2028-01-05,203,505,5.076855243575269,6.58496520317327,24.10876283876838,111.23515885114232,0,0,2,Lunch,Rice-Based,18.936702600379263
2028-01-06,353,496,9.526606186930394,7.219268453295512,26.081104150574767,107.47651495272694,0,0,3,Dinner,Roti-Based,13.678152694932827
2028-01-07,228,375,15.631093608959013,9.166909173890687,24.17974577527753,113.15756787335516,0,0,4,Lunch,Rice-Based,17.499576358003793
2028-01-08,308,467,18.163363643260194,6.514875984757902,28.897102974451922,86.61694871181366,0,0,5,Lunch,Rice-Based,17.543695666332646
2028-01-09,297,437,3.5142979206688914,3.294772241202717,33.32140653254157,85.36539506249625,0,0,6,Lunch,Rice-Based,12.040083841325702
2028-01-10,414,409,9.075870336069219,16.190895852107932,20.786644454798065,104.84014341508637,1,0,0,Breakfast,Light Meal,10.574432184124175
2028-01-11,492,636,3.804420147011779,17.48414747071326,24.4839497683531,93.68057230666739,1,0,1,Lunch,Light Meal,18.25952667373961
2028-01-12,274,382,2.298664651386762,8.123555805473519,20.39476626716464,92.6050304831732,0,1,2,Lunch,Roti-Based,11.214476180923606
2028-01-13,525,399,13.91093628759122,8.077603191382092,28.624044096933144,94.92661263081382,0,0,3,Lunch,Rice-Based,8.248661444877799
2028-01-14,345,253,12.84408995539858,3.106377191615565,30.39079866130613,93.09388173677092,0,0,4,Lunch,Rice-Based,6.287239328262137
2028-01-15,327,260,4.934344048667952,13.20376032495561,33.84251645415675,100.34309218904761,0,0,5,Lunch,Roti-Based,6.001539534169268
2028-01-16,540,526,6.208630995675154,15.381598436229432,22.740822746436404,98.20445341672398,0,0,6,Dinner,Mixed,10.033697179088335
2028-01-17,241,557,2.4267395656013306,5.1991245054000474,34.15359049971231,100.37285654129968,1,1,0,Dinner,Rice-Based,21.536501051679533
2028-01-18,555,533,17.029049702499265,5.394995240507261,19.07546542095147,105.18140834501308,0,0,1,Breakfast,Light Meal,13.119633810716941
2028-01-19,240,294,19.544430728873927,14.851248749571566,28.251235677197997,96.61391526913445,0,1,2,Lunch,Mixed,17.0336286777171
2028-01-20,233,498,4.438271662304435,12.24436122531217,18.97125622883661,92.53923061426471,0,0,3,Lunch,Mixed,18.856710494804673
2028-01-21,216,395,6.166553847775366,3.672908364415755,33.194161191953064,89.98601610426236,0,1,4,Breakfast,Mixed,13.393654892275832
2028-01-22,364,603,17.631371431044812,12.338204856934226,27.00675397019092,95.48422358597877,0,0,5,Dinner,Mixed,18.59781957839251
2028-01-23,352,369,18.67634836321133,7.633765842656491,29.37892196296753,107.25419425738517,0,0,6,Dinner,Mixed,13.978132329468858
2028-01-24,577,492,9.553292890522586,8.530877332062689,32.13675674047769,107.70114730334409,1,0,0,Lunch,Mixed,11.562646310630067
2028-01-25,275,544,2.9112045008433345,14.545971274453203,20.555280582227468,105.0071616005263,0,0,1,Lunch,Roti-Based,19.478591782608216
2028-01-26,286,327,2.709053006470749,15.164027890089159,18.656056552948275,92.02084525920624,1,0,2,Breakfast,Roti-Based,11.944481586056856
2028-01-27,316,358,12.331097589242187,9.00534940259746,32.940979480518486,102.64258737564093,1,0,3,Lunch,Mixed,13.43707898823277
2028-01-28,561,569,9.072111960077223,17.20729404009532,23.353864866801853,102.12068984730544,0,0,4,Dinner,Light Meal,12.421452091309304
2028-01-29,541,490,2.5157436963977813,9.096940769281083,20.19264143476181,99.52798594329177,0,1,5,Lunch,Roti-Based,9.685686018060895
2028-01-30,226,566,12.498543061626021,14.57754052845165,25.96384103048047,101.49936959151593,0,0,6,Lunch,Roti-Based,17.902624646913633
2028-01-31,512,638,2.2034456586024045,10.258158968463885,28.17120328683232,99.75371897871004,0,0,0,Lunch,Mixed,14.094914199823767
2028-02-01,486,508,16.172695246686914,16.462984897831262,18.526500258182672,101.96369098222324,0,0,1,Lunch,Light Meal,15.771444187092131
2028-02-02,333,431,7.515790808660689,16.616418654752678,22.673226190370492,106.46517863863386,1,1,2,Lunch,Mixed,16.415117314229775
2028-02-03,418,600,2.724644054166178,4.311252118066258,18.557597862707233,88.28884583210319,0,1,3,Lunch,Light Meal,12.68796068006875
2028-02-04,367,491,12.59033997769676,17.047399969653384,25.145701616323482,107.48877256447071,0,0,4,Lunch,Light Meal,16.438398234547552
2028-02-05,297,637,9.158319459794985,15.383022622806235,33.21670049412615,89.07658450382783,0,0,5,Dinner,Rice-Based,24.28133376645988
2028-02-06,467,285,19.52840744042869,14.869660714690003,34.70509099539068,86.99883995231124,0,0,6,Dinner,Roti-Based,8.288973423777893
2028-02-07,436,643,11.79557592506664,6.013670095282837,28.829808409561668,114.28239058664403,0,0,0,Breakfast,Mixed,17.40216749242123
2028-02-08,508,467,6.95430525866615,15.076788131319974,20.74784079433806,113.70975306611325,0,0,1,Dinner,Roti-Based,12.120512385316246
2028-02-09,593,375,14.769899563411546,15.751991020275552,33.399439629988194,86.81309634821692,0,0,2,Lunch,Roti-Based,8.471361682886588
2028-02-10,372,266,6.886856045768804,7.337255016812264,26.77621299440103,98.29760324424886,0,0,3,Dinner,Light Meal,2.764417842480949
2028-02-11,600,642,18.276379245336173,17.283901175434856,20.613738305749607,90.58734814899324,1,0,4,Dinner,Roti-Based,22.73103680269391
2028-02-12,389,420,8.744995469132775,3.747902195987464,33.669353380678245,99.56034691403255,0,0,5,Lunch,Rice-Based,10.329513345625315
2028-02-13,321,367,11.897634129971694,5.248638798707095,30.87697386229275,109.90531728998762,1,0,6,Dinner,Mixed,14.257869346409688
2028-02-14,245,343,2.9103158688361193,11.063717070772714,30.438989636293577,113.51835324228671,0,0,0,Breakfast,Roti-Based,11.597765596294986
2028-02-15,263,220,9.670182283140154,11.636887066834646,30.05607196450488,104.02757960354612,0,0,1,Breakfast,Mixed,6.967532799485167
2028-02-16,329,466,16.98254371389791,12.677251249513551,21.40577695863952,95.6171700163545,0,0,2,Lunch,Roti-Based,15.862611139343747
2028-02-17,509,562,16.501678496540155,3.254536939731997,21.587113759027943,103.09976696933795,0,0,3,Dinner,Mixed,14.271963330705892
2028-02-18,562,347,6.037734059363473,17.405501619331954,29.700980973263334,94.3600391832535,0,0,4,Dinner,Mixed,1.8567304609775124
2028-02-19,392,410,6.069423278190128,3.66882139101216,21.735286751876746,112.2947092249618,0,0,5,Lunch,Mixed,10.32784597339532
2028-02-20,506,286,16.71149561983826,5.145929290851036,25.45741884565183,111.11201389317512,0,1,6,Lunch,Roti-Based,3.0034958847298263
2028-02-21,380,223,18.74717156304786,3.2102177628908546,31.294031035097003,101.74695250838982,0,0,0,Lunch,Rice-Based,6.663074180856522
2028-02-22,491,628,3.716496582914064,11.502876499411421,31.327192807663295,94.74396746141082,0,0,1,Dinner,Mixed,13.402712487896814
2028-02-23,570,522,10.101055509672054,16.98400325881458,25.705450132939614,93.80169026748935,0,0,2,Lunch,Light Meal,11.567398580040944
2028-02-24,481,513,8.074177021356121,12.989207491206963,31.467228950679164,86.00253984115179,0,0,3,Dinner,Light Meal,7.583936120175525
2028-02-25,228,362,17.672392198233908,15.33986202720641,32.25657053536696,109.47462553075886,1,0,4,Lunch,Light Meal,15.225375842556547
2028-02-26,348,410,3.503448464240338,3.1992180518787015,29.131187771832423,98.51149639117024,0,0,5,Lunch,Rice-Based,8.386200528265714
2028-02-27,466,240,5.800266966044673,11.130229477195892,21.88323948924314,94.75398785200794,0,0,6,Lunch,Mixed,2.7845513837430653
2028-02-28,495,446,15.544430076556898,9.893444662582828,22.65820026655431,99.13331064993261,1,0,0,Dinner,Rice-Based,13.674747408686052
2028-02-29,210,532,2.9232892816618805,10.484519163311896,23.352299641948502,109.56213971363957,0,0,1,Lunch,Mixed,19.80179919580317
2028-03-01,363,336,10.865636852857207,4.083197780027819,19.985669831477185,88.73842623122563,1,0,2,Dinner,Rice-Based,9.972717208512906
2028-03-02,312,521,9.957926624234961,13.266530416039611,22.643713546289067,110.72967964725481,0,0,3,Breakfast,Mixed,17.97825850459704
2028-03-03,386,361,8.019221221797476,10.548306222879518,21.561826813313047,111.92526505325063,1,1,4,Lunch,Light Meal,9.370069802468626
2028-03-04,494,620,9.102301675740629,14.47723274791896,25.740588746746237,113.40123745101664,0,0,5,Dinner,Mixed,16.67713104366634
2028-03-05,431,258,11.538930564744193,10.27935951092573,33.4434383138285,96.92463977267883,1,0,6,Dinner,Rice-Based,7.120263503409461
2028-03-06,426,612,4.904612450990896,5.240724543396482,19.776165384817286,91.51421212113016,0,0,0,Dinner,Mixed,11.367965090172447
2028-03-07,509,574,12.29592580910467,12.72385431116733,30.244554707105724,96.20922455400095,0,0,1,Breakfast,Roti-Based,13.111588574029142
2028-03-08,297,471,16.497781927399753,5.585795431577493,29.683811075023172,94.9873628869421,0,0,2,Breakfast,Mixed,17.12102241554055
2028-03-09,254,552,15.682896736222862,16.085918450322225,19.62782137727708,90.2846173750858,0,0,3,Lunch,Light Meal,21.272677450121606
2028-03-10,310,426,4.770198284487926,12.196743586038622,33.6837308833986,103.21800010304463,0,0,4,Breakfast,Mixed,12.279617185274224
2028-03-11,351,429,4.68649045534653,5.358058253354313,27.664027436665933,99.29872481525886,0,0,5,Dinner,Roti-Based,8.778346436960355
2028-03-12,445,334,6.82713861940844,17.435070862218105,24.183333859306632,110.9710297697201,1,1,6,Lunch,Roti-Based,7.4246649883293685
2028-03-13,268,444,8.49934507413867,10.77548195002981,30.861155919420213,85.96328741446175,0,0,0,Lunch,Roti-Based,10.720359260767271
2028-03-14,511,353,9.352200465352688,4.093476778074825,22.375212792827778,104.3160378266538,1,0,1,Breakfast,Rice-Based,6.416965553721758
2028-03-15,488,470,14.234549903000214,12.402493566226008,29.789667229787447,107.88846635534684,0,0,2,Lunch,Roti-Based,14.549819928533644
2028-03-16,449,438,3.0202477789850373,6.797983605192154,18.6750905287282,107.7845970756492,1,1,3,Lunch,Rice-Based,11.237412945589433
2028-03-17,235,626,2.624108676069195,15.055401778159537,32.269936639357624,111.58221901286575,1,0,4,Breakfast,Roti-Based,24.328701372290055
2028-03-18,438,310,9.054390132990363,15.26733110349286,25.618904399362414,106.87101228488483,0,1,5,Lunch,Rice-Based,7.179592619658494
2028-03-19,347,573,14.548946458483648,17.684210337819927,28.82377954408501,112.83430184943089,1,0,6,Lunch,Roti-Based,22.719622322363946
2028-03-20,426,595,5.481836173216687,10.528042965367556,21.761042936713622,94.97969799462675,0,0,0,Dinner,Roti-Based,13.668817216585595
2028-03-21,443,265,13.547080662612531,9.824353195916057,29.510253115193613,100.09628250254629,0,0,1,Lunch,Mixed,4.619426609805716
2028-03-22,536,257,6.67690648292539,14.30213408169721,31.128084690185702,85.42238989848671,0,0,2,Lunch,Roti-Based,1.992278761817278
2028-03-23,564,361,17.949549958643296,4.987059845128899,26.044624177034777,85.20872761909874,0,1,3,Dinner,Mixed,6.64495556834097
2028-03-24,400,319,18.122418996799098,11.203732706896863,28.501357709050502,92.2037986135456,0,0,4,Dinner,Roti-Based,7.452322888277183
2028-03-25,353,547,7.351169677063877,11.193714001962764,25.757540704980777,88.02421591417256,0,1,5,Dinner,Roti-Based,16.43210671374412
2028-03-26,272,409,6.139887571338329,4.342096842155808,33.19955327738337,92.8063410380726,0,0,6,Dinner,Mixed,10.363386506645503
2028-03-27,400,254,9.403471497192163,9.269761282603703,26.463776068743428,90.31129883585191,0,0,0,Lunch,Mixed,2.51095030897839
2028-03-28,495,366,6.329568533242677,15.79927197850803,32.31074805348992,85.85560074515945,0,0,1,Lunch,Rice-Based,5.434924608961553
2028-03-29,216,249,14.102909179250666,15.842304329919903,31.622984990594226,112.27912439218149,1,0,2,Breakfast,Light Meal,16.274338538730987
2028-03-30,328,553,16.86916432186914,4.488564973795215,24.97858196292206,85.24669394166675,1,0,3,Lunch,Mixed,21.341906728321085
2028-03-31,416,303,14.115658356401905,4.360813241217462,21.911436361577074,107.08246433011256,0,0,4,Dinner,Rice-Based,4.573352341140023
2028-04-01,260,588,16.83830805048829,6.940432155029029,24.903396253516107,89.56443660758549,0,0,5,Lunch,Roti-Based,20.81960754052623
2028-04-02,303,500,9.145858919734534,16.121490938309904,32.04569538817874,112.366888659988,0,0,6,Dinner,Mixed,17.714507065394415
2028-04-03,241,643,4.813705472759495,4.933538776102484,21.86975310892967,111.78387818769657,0,0,0,Dinner,Mixed,20.48311864784059
2028-04-04,224,563,15.283117053156658,13.799952039411695,26.91541787958174,104.61703439107772,0,0,1,Lunch,Roti-Based,21.638772641052697
2028-04-05,238,489,8.488541092547969,4.5174842941965485,31.703644715332707,105.16702449401815,0,0,2,Dinner,Roti-Based,16.94234114482518
2028-04-06,490,373,14.082874854124386,12.34706780621738,24.009117077182438,85.16017425909065,0,0,3,Lunch,Roti-Based,9.31972648909333
2028-04-07,330,321,6.871590955671782,8.341009486787172,28.917563829045854,114.54614698340806,0,0,4,Lunch,Roti-Based,9.870026114993394
2028-04-08,428,434,3.462133426520108,14.833709444488004,22.175736758829846,111.33497810727442,0,0,5,Dinner,Light Meal,9.943943056317337
2028-04-09,307,369,19.866472318779742,6.505356732380454,19.85775057125872,111.85318677190276,0,0,6,Lunch,Mixed,15.388125020937323
2028-04-10,371,302,4.811627142750787,12.588027440849398,31.504531826578557,104.77733611152615,1,0,0,Dinner,Roti-Based,7.430456928025043
2028-04-11,301,329,19.79157789134266,6.535238018638275,19.682466597948014,95.3436078596361,0,0,1,Lunch,Roti-Based,9.683606495234262
2028-04-12,553,606,19.59103878619605,13.704904246682307,22.61348371635294,111.80945947271442,0,0,2,Lunch,Light Meal,14.571544532855516
2028-04-13,211,645,16.288725870344713,16.10517051841123,32.536860173956484,93.74550784453577,1,0,3,Dinner,Mixed,26.87993294193522
2028-04-14,474,494,13.869613317475956,4.902026986901401,23.88997788033734,101.88134630026609,0,0,4,Lunch,Rice-Based,12.355683995296115
2028-04-15,300,420,12.400526904519525,15.998935328932554,34.54177094174074,87.99192917031647,0,0,5,Lunch,Mixed,13.214898735829994
2028-04-16,243,503,17.589827816801026,11.90362881621447,34.65548369115562,112.6586689039825,0,0,6,Breakfast,Rice-Based,19.9992143396435
2028-04-17,504,392,7.209911389150783,4.90665736300536,22.560692347710464,89.2231137331364,0,0,0,Dinner,Light Meal,3.7656403996310592
2028-04-18,216,546,10.418261824727786,9.41312783039568,18.696629778248138,91.74690417191222,0,0,1,Breakfast,Roti-Based,20.68415186844892
2028-04-19,529,425,13.149019448597034,5.412904402276468,29.986075831491444,101.74402474384645,0,0,2,Dinner,Light Meal,7.74854008508855
2028-04-20,256,282,9.40142856565084,13.505218332998542,25.666770545021844,107.92279000638945,0,0,3,Lunch,Mixed,9.51309474198353
2028-04-21,510,292,9.694756173624825,14.383022016269244,19.7127983473128,103.58053917808897,0,0,4,Lunch,Roti-Based,4.467828159339671
2028-04-22,502,470,7.9451240150375195,4.586947804091984,30.02788792262673,91.96401738400469,0,0,5,Dinner,Mixed,6.386522099348952
2028-04-23,211,343,12.15617270032165,10.592097790419665,18.52997345490266,85.02829127582471,1,0,6,Breakfast,Rice-Based,14.101119819691348
2028-04-24,517,594,17.31034150427209,15.219375840388757,32.793343738368115,107.71451740922318,0,1,0,Lunch,Mixed,16.424793775275955
2028-04-25,279,340,5.627510804113632,17.042445623264946,20.357092994926163,114.55621977733281,0,0,1,Dinner,Light Meal,11.747248603688314
2028-04-26,415,494,18.819794697561946,10.70276800112655,20.164301938694326,109.2973936091827,0,0,2,Dinner,Light Meal,15.149176856193014
2028-04-27,538,617,14.403577767468134,17.254188354171106,20.986429065465938,98.80619854469846,0,0,3,Lunch,Light Meal,16.13257527525775
2028-04-28,463,339,16.818917828240544,11.035334556840446,34.324528094365135,112.1130178419732,0,0,4,Lunch,Roti-Based,10.236168660249456
2028-04-29,348,641,12.01143246734021,8.91285741899862,29.783879124315384,97.2954301935505,0,0,5,Dinner,Mixed,19.016941580058166
2028-04-30,280,536,16.031300625633143,15.723046928293432,31.623316102881823,100.74802252730403,0,0,6,Dinner,Roti-Based,21.444044325621224
2028-05-01,414,383,2.2916071521104096,10.394740656871335,24.759794757456802,99.3138930218705,0,0,0,Dinner,Mixed,10.271367489112945
2028-05-02,573,643,16.730847646031634,10.078537658467845,23.717316367584246,98.42871617996575,0,0,1,Lunch,Rice-Based,15.678939658830139
2028-05-03,397,505,2.7224994635365976,10.354687341147425,21.98622811531389,108.25572307881717,0,0,2,Dinner,Mixed,10.123387878498475
2028-05-04,399,484,18.018440774531523,15.70177502804618,26.17101648131095,100.80306721808476,0,0,3,Lunch,Mixed,15.156249092684103
2028-05-05,224,539,19.855329450295578,15.479123125320783,27.381088470080865,94.50151366075649,0,1,4,Breakfast,Mixed,25.180361940131995
2028-05-06,288,380,7.293214319182001,9.052799886603168,28.74017234209684,92.74474502975436,1,0,5,Lunch,Mixed,15.427752375255546
2028-05-07,467,595,5.785734013144285,7.999497898057875,22.371014567977806,86.132419509023,0,1,6,Breakfast,Rice-Based,17.488910113262197
2028-05-08,342,527,15.776540549444732,10.378920360586939,34.127119375350844,102.49585485649138,0,0,0,Breakfast,Roti-Based,19.070939315143026
2028-05-09,258,308,6.554474136564558,11.591587646056634,20.88589446952131,91.89884246203103,0,0,1,Lunch,Light Meal,10.109558257181085
2028-05-10,564,361,17.580122897099663,6.575058159419955,34.41610397102901,89.4440176604915,1,0,2,Breakfast,Mixed,8.398644559664275
2028-05-11,225,422,3.8511666588345808,14.909326270733859,18.252554082627565,104.61489891483033,0,0,3,Lunch,Light Meal,15.054460801439475
2028-05-12,246,528,4.267193534828449,10.297241485986344,26.179136760886376,105.43627773464647,0,1,4,Breakfast,Light Meal,17.842694390683054
2028-05-13,487,446,19.62472799181108,8.010683226299394,23.667253247981566,107.56464676772998,1,0,5,Lunch,Light Meal,12.027494721830553
2028-05-14,465,553,14.129100168860084,4.602314894459859,25.635098036814263,100.10730689015774,1,0,6,Breakfast,Light Meal,17.463642318732166
2028-05-15,215,441,17.243970039721148,6.5826774060541045,27.701297842673412,111.82163815611659,0,0,0,Breakfast,Mixed,20.525739612826207
2028-05-16,398,260,7.837928792327324,17.239217576339755,25.405015686216053,113.09028260194684,0,0,1,Lunch,Light Meal,4.807348705668149
2028-05-17,600,415,14.17670749137088,7.576495302292899,25.052396455127116,109.22112819377469,0,0,2,Lunch,Mixed,8.134875425666703
2028-05-18,481,287,12.69635289155475,5.5328893405055295,30.456298062026214,104.06780446024561,0,0,3,Dinner,Rice-Based,7.290059254846648
2028-05-19,285,483,12.856702162213047,9.910091874824898,29.6598966764699,94.11162860773567,1,1,4,Dinner,Roti-Based,19.511514361234777
2028-05-20,449,221,14.285584271678989,7.60631615040373,32.16561179460942,114.48834764860663,0,0,5,Dinner,Roti-Based,3.5884365817104844
2028-05-21,590,580,12.356465116323774,3.5273887540679123,22.249302681071423,93.22408501575815,1,0,6,Breakfast,Mixed,14.835976775629566
2028-05-22,469,344,9.723122647447987,7.847178259191259,28.36198466581908,91.07970765971294,0,0,0,Lunch,Mixed,6.327570902597561
2028-05-23,534,329,6.966608498849843,11.161629359092029,27.948311351678516,98.26462341359749,0,0,1,Breakfast,Roti-Based,2.4760770494864706
2028-05-24,316,305,15.834463956437636,11.275685580299504,24.28554278483571,86.70521712137166,0,0,2,Dinner,Light Meal,8.02343172759587
2028-05-25,206,644,6.072903740057352,8.34838381765333,26.262978212345576,114.35483394015372,0,0,3,Breakfast,Mixed,18.559096097585215
2028-05-26,336,339,14.462377510779454,9.70954134378901,23.334296436197388,102.65300669249274,0,0,4,Lunch,Light Meal,13.311428788371158
2028-05-27,570,346,6.19999080768788,17.482768773521496,20.41135475948875,101.70856274992525,0,0,5,Lunch,Mixed,3.529616161776583
2028-05-28,375,474,13.25594305918017,8.660227158454674,21.634620581266457,104.6738883969916,0,1,6,Lunch,Mixed,17.05670115894415
2028-05-29,527,402,15.447408808322521,6.873402198899745,19.79373198882042,99.9107094333162,0,0,0,Dinner,Rice-Based,7.519745817855906
2028-05-30,514,235,5.936850000317706,6.652005661001402,29.61218277823211,85.96190551283625,0,0,1,Dinner,Rice-Based,0.5
2028-05-31,414,281,3.0789794155035493,9.866469190562013,29.232365682855576,103.3693386652119,0,0,2,Dinner,Roti-Based,4.19135392263111
2028-06-01,281,588,4.357527373895134,14.39280223075416,34.16030831685784,106.48521630869291,0,0,3,Lunch,Rice-Based,18.141535274813688
2028-06-02,422,377,12.907945410878458,6.089822762827098,30.4045330320031,97.5024718187216,0,0,4,Dinner,Rice-Based,11.071002293782158
2028-06-03,571,487,17.29003531206324,13.639441907111522,18.884779258854234,107.71886716213578,0,0,5,Lunch,Roti-Based,11.696296752047864
2028-06-04,302,254,2.8099427822376386,3.317247350241244,33.03216795679222,91.81003898015261,0,0,6,Dinner,Light Meal,3.847800935625106
2028-06-05,472,486,15.214722662749633,9.28399466975919,32.66547777007734,91.63829773198552,0,1,0,Lunch,Rice-Based,16.478524995458137
2028-06-06,213,283,8.143735627100938,14.637975978041803,25.536445453135876,89.84250963062722,0,0,1,Lunch,Light Meal,11.153850719079855
2028-06-07,358,269,10.613510658551405,8.08099433661647,27.959671858974666,96.15984279367485,0,0,2,Lunch,Roti-Based,5.969405293065211
2028-06-08,351,474,18.71947189722018,11.456056521680992,34.593331652032816,110.4103610616725,0,1,3,Lunch,Mixed,21.55454032950101
2028-06-09,307,368,7.975487085245218,6.0746884923886615,27.049174185418828,109.83736186447193,0,0,4,Dinner,Light Meal,9.639101346937242
2028-06-10,387,544,10.37606481091075,14.129930866892584,33.390471082393525,96.48472623890511,0,0,5,Dinner,Roti-Based,16.302894102296438
2028-06-11,500,523,2.24628346569226,3.784186549031394,19.411658882773168,102.6735620794071,0,0,6,Lunch,Light Meal,7.597226659530613
2028-06-12,297,495,3.468776960087091,15.788139673132505,21.24788176804761,106.62448949424747,1,1,0,Lunch,Roti-Based,16.024836175988842
2028-06-13,330,576,6.654648640426112,5.972945796325022,25.4928340385024,92.23620323884069,0,0,1,Lunch,Roti-Based,13.786752937369172
2028-06-14,492,391,2.5013403347793393,16.115970475624962,27.94086574173418,90.04423257684242,0,0,2,Dinner,Mixed,5.629061816203623
2028-06-15,370,636,13.364755868868517,8.28793861950776,31.875873481667604,114.16287979636934,0,0,3,Lunch,Light Meal,18.222929946069144
2028-06-16,382,420,9.675170422429206,13.840253617117298,34.80045595743418,103.52671939628856,0,0,4,Breakfast,Mixed,12.045165330374305
2028-06-17,563,612,11.866613649104396,7.788379466792827,24.61047544005998,114.44247165500991,1,0,5,Lunch,Mixed,17.279601602304222
2028-06-18,238,543,5.143649346133932,16.588675068519713,18.806065814381444,95.13267961396687,0,0,6,Breakfast,Light Meal,17.607534122617736
2028-06-19,214,254,7.326776529859091,4.899556882775615,31.619915556020523,106.09095099922395,0,0,0,Dinner,Light Meal,7.791525525204553
2028-06-20,575,435,13.948840547349052,5.67779683908898,28.274472224407738,91.67810909623714,0,0,1,Lunch,Roti-Based,6.078476392725931
2028-06-21,203,284,19.375449025347198,10.395451877382033,21.375228600759428,92.83600513821739,0,0,2,Lunch,Light Meal,16.787718573714667
2028-06-22,548,227,2.9075019248397656,4.229076585572192,26.412083762564144,100.35706363808872,0,0,3,Dinner,Roti-Based,0.5
2028-06-23,596,520,18.02691777539479,5.939702770526429,30.619274174073315,94.58854376524214,0,0,4,Breakfast,Roti-Based,10.308146915456641
2028-06-24,409,562,12.383861623601753,17.156495733180215,31.097000380166946,90.02864691521754,0,0,5,Breakfast,Roti-Based,17.600902399955956
2028-06-25,360,643,12.150552201601228,17.647344917218305,26.493513003978954,92.88642105967978,0,0,6,Lunch,Roti-Based,19.38451520866675
2028-06-26,215,551,11.005013633739686,8.64388993995633,23.188647012190607,86.07245183397593,0,0,0,Lunch,Roti-Based,19.061570124349068
2028-06-27,307,295,3.249093546275301,16.849290315209032,34.55362389465439,106.1327086443246,0,0,1,Lunch,Roti-Based,7.3393223869288775
2028-06-28,581,393,3.617783331250892,11.172370135101476,29.27716438626038,99.76349971257585,0,0,2,Dinner,Light Meal,4.154684509210359
2028-06-29,510,266,12.816416101863549,7.046136988106506,24.94003782888708,87.82729199213577,1,0,3,Dinner,Light Meal,1.9317765511472993
2028-06-30,426,234,8.137254285840049,13.53598081620898,22.76787481147909,90.15081979385474,0,0,4,Dinner,Rice-Based,6.78101606578844
2028-07-01,369,580,18.51082519839825,12.883527098622858,30.42875071106056,88.07603614337933,0,0,5,Dinner,Light Meal,19.12985228334594
2028-07-02,233,366,9.3186296724705,17.836879786631002,22.11711857509405,103.3777842482763,0,0,6,Lunch,Mixed,13.678953081669487
2028-07-03,450,245,4.57906625664754,6.97570931113925,20.9190698125527,87.82631090837481,0,1,0,Lunch,Rice-Based,2.6551521049048774
2028-07-04,446,527,14.864939003036648,13.080892539926031,27.007176112355197,107.62846999105648,0,0,1,Lunch,Light Meal,16.28096212189321
2028-07-05,468,312,7.280361585938177,3.780356325441703,22.929785674950413,85.61532757961173,0,0,2,Dinner,Mixed,3.8653954881573
2028-07-06,340,625,11.458465532406077,4.704690580450791,28.691387463701457,92.48127363987676,0,0,3,Lunch,Light Meal,18.187589344902165
2028-07-07,473,451,14.560990139093061,3.058775624266399,20.004957472861967,111.72000027675722,0,0,4,Lunch,Roti-Based,11.725299384541888
2028-07-08,295,240,18.204754001637266,17.991910215895096,29.133998777644464,106.55593954366738,1,0,5,Lunch,Rice-Based,15.071781339280792
2028-07-09,426,526,16.25944150643017,15.034105457212167,22.816040975960938,87.18904998777063,0,0,6,Lunch,Roti-Based,17.36443920163976
2028-07-10,578,257,14.174499221709034,14.800845221003112,18.004129885386718,109.63378313455539,1,0,0,Lunch,Rice-Based,5.229364010357976
2028-07-11,238,495,14.233397283112584,10.645891129322695,20.157912980461,99.79105364620614,0,0,1,Dinner,Rice-Based,19.341901637324547
2028-07-12,501,376,19.026643592577557,7.501006243581599,33.8714614231966,110.40349081506488,1,0,2,Lunch,Roti-Based,10.44831821928819
2028-07-13,228,398,7.324833754937648,5.268964266940139,32.745028864961085,103.0221932335118,0,0,3,Dinner,Rice-Based,12.861034280419265
2028-07-14,517,351,2.020017695531373,7.270121082696955,21.971353544616026,105.45499096098575,0,0,4,Lunch,Rice-Based,3.7967412515594945
2028-07-15,444,530,6.895182069167577,8.639568328937088,31.23232237727335,114.80504681187125,0,0,5,Dinner,Light Meal,12.33023628237315
2028-07-16,435,567,5.922044833281392,14.344651454704412,28.34571708395756,91.97006637772054,0,0,6,Dinner,Mixed,17.276948908773864
2028-07-17,384,247,13.913022532051967,11.094926833547285,34.505380094647776,103.71836724284165,0,0,0,Dinner,Roti-Based,5.829403768390667
2028-07-18,471,479,13.406808795779522,4.162254398332241,24.351296212079006,98.80964170172194,0,0,1,Breakfast,Light Meal,8.816817657897818
2028-07-19,435,625,12.682304888685028,3.2704351343836837,29.58483041279191,86.18355858768075,0,0,2,Lunch,Light Meal,16.374723257615887
2028-07-20,438,295,2.292381977770167,4.534982693010948,19.080107281206615,85.43411924508595,0,0,3,Lunch,Roti-Based,1.494358968153348
2028-07-21,576,648,15.118004980111655,9.15748070546069,24.7362048958789,88.57685733453576,0,0,4,Lunch,Rice-Based,15.160455498533603
2028-07-22,465,286,7.823547424738847,16.997893755735276,34.38490024019907,104.47275221615644,0,0,5,Lunch,Roti-Based,6.483726474679548
2028-07-23,558,561,13.97100780211936,12.561037218138324,27.16267486565205,102.01489263740177,0,0,6,Dinner,Mixed,13.550617639326557
2028-07-24,539,413,12.018411713038759,15.027388498132726,22.893951556692357,101.60288683491183,1,0,0,Breakfast,Mixed,12.941543978055865
2028-07-25,588,381,8.16915665770233,9.995618917568228,20.044606373186316,85.9557028758478,0,0,1,Lunch,Roti-Based,2.0978815355735563
2028-07-26,264,566,4.4223728078739395,8.424991247925643,29.95998178308602,99.07908989080022,1,0,2,Breakfast,Light Meal,17.313642717337665
2028-07-27,376,580,3.699540157888657,4.626005590749341,28.962552738305355,112.73868453527585,0,0,3,Dinner,Roti-Based,14.636102571692675
2028-07-28,202,476,16.967329996020023,16.138995332793073,24.356958131264168,96.9277560793194,0,0,4,Dinner,Mixed,23.3417851366245
2028-07-29,341,291,18.531155757468042,14.747400435418543,34.16600298171918,103.74767409365369,0,0,5,Lunch,Roti-Based,10.248481115574474
2028-07-30,575,306,13.696184841757393,5.521771463965877,18.377447820793456,108.3945602686943,0,0,6,Breakfast,Rice-Based,4.448750677534306
2028-07-31,357,641,3.8618140674887007,10.683908458143907,23.16330547774104,108.51775837425663,0,0,0,Dinner,Roti-Based,16.40008445475887
2028-08-01,523,481,9.236489903988332,10.310622118818674,33.658181267092885,100.57840247185814,0,0,1,Lunch,Light Meal,10.491294790308315
2028-08-02,345,433,15.12090560189283,12.376373290297929,23.455902451430486,110.7385583620701,0,0,2,Lunch,Rice-Based,14.993353155113374
2028-08-03,492,372,16.036775912181227,17.19280340986892,22.288298175537896,96.7413428009124,0,0,3,Dinner,Mixed,11.26740627704186
2028-08-04,352,429,4.127935201239595,11.696571626437194,27.081746968831204,111.66079644354394,0,0,4,Dinner,Roti-Based,12.264734976990253
2028-08-05,392,620,2.0005529392168837,11.103259001679278,32.004629748649144,92.20681499186637,0,0,5,Lunch,Light Meal,12.185192287745844
2028-08-06,272,280,14.81846682585089,3.754843994019959,19.75349493493214,93.40649220971713,0,0,6,Lunch,Light Meal,8.74675881218575
2028-08-07,598,487,8.418731167751702,3.943612140270359,34.031352063977515,86.59361872597003,0,0,0,Lunch,Mixed,5.614553937755708
2028-08-08,504,481,6.580663969128684,5.810201869901833,31.51623898007979,108.86745509626849,0,0,1,Lunch,Roti-Based,9.473703974871484
2028-08-09,576,437,2.232154456211458,3.487061575376224,21.081254344376383,97.51165708698116,0,0,2,Lunch,Light Meal,1.3514342118183573
2028-08-10,543,502,11.725389321706995,14.150293433550186,30.104135340368764,91.87349841734198,0,0,3,Lunch,Rice-Based,11.145467864340098
2028-08-11,339,355,17.320713237667672,13.849954559909447,24.544298284838472,91.95370832849738,0,0,4,Breakfast,Roti-Based,14.392050976499917
2028-08-12,386,599,19.23736963290658,5.040843516474644,24.839009527297417,112.04199823687699,0,0,5,Lunch,Mixed,21.7576740753155
2028-08-13,492,581,12.183409111039206,15.541183511929214,31.31593157146073,110.0174980138311,0,0,6,Breakfast,Rice-Based,15.707800754904612
2028-08-14,260,312,11.260303899318096,5.32179052269168,34.36734173567245,101.6059265607155,0,0,0,Lunch,Roti-Based,12.621242498900402
2028-08-15,579,328,3.53101493880634,7.517633804960382,20.153149838402296,103.48332401247163,0,0,1,Lunch,Light Meal,0.5
2028-08-16,397,460,11.879710427766796,6.734653487420475,25.15071402693993,99.22976711650873,0,0,2,Lunch,Mixed,12.876902899837708
2028-08-17,494,574,8.839623421377103,8.584606478595717,26.176007337433163,96.74999628636427,0,0,3,Lunch,Mixed,11.552131880162916
2028-08-18,518,643,12.928435055904385,6.819956488349428,24.39730088823496,112.46430643654995,0,0,4,Lunch,Roti-Based,16.853162718329283
2028-08-19,501,361,8.99707426177784,10.33426389657678,24.174215103175825,88.76838110560907,0,0,5,Dinner,Mixed,5.534244972722023
2028-08-20,543,510,6.325384222106601,9.111118220320282,18.88856734854714,97.55340369148684,1,0,6,Lunch,Rice-Based,9.870516180604843
2028-08-21,210,456,3.709374954110777,17.798542361689897,29.654156549564597,95.33685723963626,0,0,0,Dinner,Roti-Based,15.0898872297864
2028-08-22,261,559,7.668532002600124,3.838895251923385,25.415645091040773,99.94452160753445,0,0,1,Lunch,Rice-Based,16.92617455813472
2028-08-23,532,531,3.739607017179541,5.1327206458102745,21.311494644946755,98.72895623635526,0,0,2,Lunch,Mixed,8.997161095153547
2028-08-24,425,396,5.184145114831711,3.792388408629037,31.872569539135164,100.56668594953244,0,0,3,Breakfast,Mixed,8.533477055515212
2028-08-25,352,360,19.772050854431825,12.387617924735636,31.643532718577674,89.19756931680982,1,0,4,Lunch,Mixed,17.715256716162447
2028-08-26,398,408,9.993864024319135,3.817639161205794,26.268657677511193,100.3942450453983,0,0,5,Dinner,Rice-Based,9.851115544102536
2028-08-27,251,268,11.573691797090298,15.54659606064185,23.073661239511928,92.27256441661632,1,0,6,Dinner,Mixed,12.825550665282334
2028-08-28,459,521,17.725133517269875,10.679079460228916,28.84757633853969,90.52994046964574,0,1,0,Dinner,Roti-Based,17.61387716761623
2028-08-29,258,588,19.920240208832382,10.905114368723005,22.89858630821585,86.94502656358574,0,0,1,Lunch,Light Meal,21.591491323894125
2028-08-30,271,409,12.488860088204268,11.423917615682914,22.012134815503103,107.87957676268422,0,0,2,Lunch,Roti-Based,13.71199753285283
2028-08-31,347,355,16.62452877879509,5.562205594593161,30.41874911844755,97.8232576256968,0,0,3,Lunch,Light Meal,13.185368058783649
2028-09-01,548,262,7.884938438060155,5.965354546717313,18.685529075256163,103.79931049935274,0,0,4,Lunch,Mixed,0.5
2028-09-02,262,623,7.503391234051239,7.78225984309507,19.611064007588098,106.8278002991423,0,0,5,Breakfast,Roti-Based,20.661586622323902
2028-09-03,509,599,9.248666977902083,11.902446237327771,18.115398958401027,105.3794999594066,0,0,6,Dinner,Rice-Based,13.204468907016347
2028-09-04,572,572,14.105130728125685,6.151766639103218,20.600034170082246,99.11502157269047,1,0,0,Dinner,Light Meal,12.360774502402437
2028-09-05,442,309,14.279450406591778,4.744975906998919,19.17283014807781,96.6369558685519,0,0,1,Lunch,Rice-Based,9.694016978107804
2028-09-06,565,514,7.674309823690114,17.55175329627648,34.92864025225862,96.27879728921991,0,0,2,Lunch,Light Meal,10.723005186703912
2028-09-07,529,560,4.397778634459316,3.329727222144344,22.90976948921952,104.20146390790168,0,0,3,Breakfast,Mixed,9.985315103126762
2028-09-08,306,464,13.383132616379154,15.040461080040325,20.537556215377204,99.8438306482562,0,0,4,Lunch,Roti-Based,18.69735857347925
2028-09-09,425,411,4.3098655193977615,14.820527243625332,22.096936385930604,110.47396743965533,0,0,5,Lunch,Light Meal,6.468377920920939
2028-09-10,512,537,12.412865148127942,7.45821170767644,33.91413471618229,111.24105952980136,0,1,6,Dinner,Roti-Based,13.038020292102454
2028-09-11,417,325,14.481598305013561,5.0343992401097015,26.842723791414727,90.11681134019555,0,0,0,Lunch,Light Meal,9.818514413438528
2028-09-12,440,582,14.611006935100129,5.184429700581351,24.201907637233568,89.08700954637177,0,0,1,Lunch,Light Meal,14.778715216285383
2028-09-13,458,529,15.56249799187274,13.461474258557887,32.84765478445673,103.91202778107998,0,0,2,Lunch,Mixed,15.997196136202756
2028-09-14,575,601,17.711469588181963,12.642098866292605,24.71483459933355,94.03677244186838,0,0,3,Breakfast,Light Meal,16.532050121741364
2028-09-15,461,452,10.999261855366193,14.7411851137708,23.695145689280828,85.55712156295297,1,0,4,Dinner,Rice-Based,15.338284072716597
2028-09-16,204,484,15.144485411532282,17.06221758598657,21.523802883345503,111.65928008088865,0,0,5,Lunch,Light Meal,18.809840769114523
2028-09-17,460,563,13.14510923658506,13.37891044899888,24.422546006459996,91.80702301731425,0,0,6,Dinner,Light Meal,15.638545791502576
2028-09-18,253,256,5.359518916358287,5.337773048271652,23.383634052287743,112.87841955057428,0,0,0,Lunch,Light Meal,8.959232881884263
2028-09-19,246,524,2.462413607649347,6.651639251481161,29.514167308068398,106.5230335263476,0,0,1,Dinner,Mixed,15.055347074963407
2028-09-20,414,260,7.121744942184808,15.632905963096718,22.922905979402362,107.87960469734453,0,0,2,Breakfast,Roti-Based,4.76964258361247
2028-09-21,376,236,9.974606714077149,6.139591137513129,27.812395689183546,91.04384487379481,0,0,3,Lunch,Roti-Based,3.7652821069701035
2028-09-22,208,563,13.107906999715814,4.087834754317221,19.120166805543537,92.02583276850439,0,0,4,Dinner,Mixed,21.477489703129066
2028-09-23,298,496,17.299267949057697,13.549200810633756,21.251915663840744,100.63803261472196,0,0,5,Dinner,Rice-Based,17.69364433573155
2028-09-24,219,526,5.532422900710982,9.03789533235213,24.92588961739293,90.16299557949587,0,0,6,Dinner,Rice-Based,13.340034599724923
2028-09-25,577,278,4.259896218172588,16.800600788188554,33.928137316447824,94.16295078049097,0,0,0,Lunch,Mixed,1.5328472562883992
2028-09-26,440,642,19.342639054537894,12.753826066404923,24.413283757166823,94.64387433843413,0,0,1,Dinner,Roti-Based,22.35812862036564
2028-09-27,260,402,3.944802068775328,4.356284666874911,29.28926006039718,89.78889799758292,0,0,2,Dinner,Rice-Based,10.748314504236621
2028-09-28,578,260,10.612839261929405,17.217848508804913,22.336482781163767,91.15548500185483,0,0,3,Breakfast,Mixed,1.5080411301029635
2028-09-29,377,258,12.540147118279434,6.878358954603689,20.15957079154494,108.6565552602477,1,0,4,Dinner,Roti-Based,7.338528503291404
2028-09-30,537,616,11.744739576333888,8.058187356094287,18.995122201360854,90.01587563641804,0,0,5,Lunch,Rice-Based,17.267013624481176
2028-10-01,261,411,3.5485788265929776,9.033906205253132,23.192029475226775,85.85372175531768,0,1,6,Lunch,Rice-Based,12.168661648044031
2028-10-02,344,486,3.026484452065149,3.768364446064699,20.680237455547434,103.88064827886815,0,0,0,Lunch,Mixed,12.582267612617715
2028-10-03,415,366,3.898701694298642,10.447731333459073,20.95817761627411,114.2794935817735,0,0,1,Dinner,Roti-Based,5.534980022599633
2028-10-04,202,614,12.540578309707024,4.849777366129384,30.93290824257815,94.93641443869365,0,1,2,Breakfast,Rice-Based,22.311027330556332
2028-10-05,359,552,11.79820797741778,9.014554900325276,18.26924720606286,88.55967109588757,1,0,3,Lunch,Mixed,19.49732481809163
2028-10-06,426,346,6.2073342566613965,8.260646819881265,27.482772137502387,102.11161976102592,1,0,4,Lunch,Rice-Based,11.010348373213617
2028-10-07,468,265,13.479934553220648,14.59260125139755,24.450843470088902,112.19062633286939,0,0,5,Lunch,Roti-Based,7.358628842995113
2028-10-08,319,264,16.76121503700169,15.047557674490967,26.611349998445302,108.52185339485436,0,0,6,Lunch,Light Meal,7.0630060215475075
2028-10-09,580,220,2.7484212772386876,5.301193235836321,27.56811403264825,103.67547605238148,0,0,0,Breakfast,Rice-Based,0.5
2028-10-10,288,387,10.966338983864762,8.498267810688393,23.32725080577373,94.45169489822798,0,0,1,Dinner,Roti-Based,12.47099835387567
2028-10-11,528,327,14.407587417848426,8.600297415477476,23.01685062313285,101.2564051982866,0,0,2,Dinner,Rice-Based,6.42695308285226
2028-10-12,267,238,6.541614687254367,5.271156659041276,30.467831438693395,87.73734523912766,0,0,3,Dinner,Light Meal,1.8016962970422346
2028-10-13,597,551,7.539876295276684,14.976802575767858,32.81170879805967,105.3683627284201,0,0,4,Dinner,Light Meal,8.386264549723457
2028-10-14,556,291,13.045482253808908,13.608424925031349,21.273887751794973,106.75288056692952,0,1,5,Lunch,Rice-Based,4.987804207297776
2028-10-15,297,328,18.162835281987263,5.855726794455521,19.659518929097533,113.95094868729757,0,0,6,Lunch,Mixed,12.631627704452919
2028-10-16,466,487,16.57863956545219,8.500828628906985,33.26252870866444,92.81192076235214,0,0,0,Lunch,Rice-Based,10.880168543289713
2028-10-17,304,459,12.496343943792503,4.587075372847713,23.948222882005776,85.55369257129068,0,0,1,Breakfast,Roti-Based,14.453803523177076
2028-10-18,522,636,15.143990919630486,12.423098956395659,27.37239564126784,101.36825393281453,0,0,2,Dinner,Mixed,17.653073613461935
2028-10-19,322,520,8.566804463740375,4.820578868229295,24.11223345684006,106.20371513190443,0,0,3,Breakfast,Roti-Based,13.36750061626052
2028-10-20,228,309,13.53737950577764,17.789012529373768,20.13863971788287,108.71222427648964,0,0,4,Dinner,Roti-Based,14.37288582126618
2028-10-21,336,322,10.391268640296026,14.710231120317935,28.018637964111377,90.81216799074431,0,0,5,Breakfast,Mixed,7.901879699006897
2028-10-22,394,469,5.418850456236097,8.853578243759927,26.927394480083706,92.85258607111071,0,0,6,Dinner,Light Meal,10.097345585998067
2028-10-23,425,227,14.63128892979063,11.678458984190316,21.450890506250353,100.37772775801889,0,0,0,Breakfast,Roti-Based,2.359111353538737
2028-10-24,531,372,12.016363472278796,16.67012724324613,25.681773759088724,94.91802429910005,1,0,1,Breakfast,Rice-Based,7.498478034604017
2028-10-25,369,566,8.455188475164645,11.311489205937391,31.54810756826598,110.81534459762335,0,0,2,Dinner,Light Meal,15.635398570402282
2028-10-26,208,393,18.404105421415352,5.617477295969328,28.03724375283415,99.2128046121616,0,0,3,Lunch,Light Meal,14.593838857271333
2028-10-27,239,562,2.376814120881199,8.68055033371739,19.647594560138913,108.98735932306009,0,1,4,Dinner,Mixed,19.58008169692898
2028-10-28,224,377,7.683916722490928,15.64717297544618,27.316365452895297,102.41859281447061,1,1,5,Lunch,Rice-Based,17.598368133748902
2028-10-29,460,434,3.023865159997638,12.663195239844269,29.946551087922977,108.19270424851337,0,1,6,Breakfast,Rice-Based,13.608100182342188
2028-10-30,594,396,15.79749169198929,12.760865765007004,31.475957898272775,94.98018959590972,1,0,0,Dinner,Light Meal,7.702885586083515
2028-10-31,425,394,14.637934174048267,16.002322285327338,28.694998836782535,109.94249865790934,0,0,1,Lunch,Roti-Based,7.205428987263874
2028-11-01,323,559,7.9643399372537065,16.409595861937568,20.595188797193323,93.23716946653064,1,0,2,Dinner,Roti-Based,16.339199378564775
2028-11-02,237,557,14.161932239727314,16.796888576691543,30.072945532032733,101.38296424009872,0,0,3,Lunch,Rice-Based,21.439085968840082
2028-11-03,527,365,9.126870071527097,4.422737898797342,29.514811383385776,91.42021339521622,0,0,4,Lunch,Light Meal,8.456225426868219
2028-11-04,450,543,15.612568245603818,11.161890029446514,18.415257009990764,99.2657956487858,1,0,5,Lunch,Light Meal,16.58669559907572
2028-11-05,588,380,10.175305929260709,14.10764281827478,24.99971034903413,94.54525628526109,1,0,6,Lunch,Light Meal,7.918727959723134
2028-11-06,375,346,9.42103510096998,14.353902676905207,23.660154198360345,93.00110291911642,0,0,0,Lunch,Mixed,11.16294883693334
2028-11-07,289,639,18.825138478789416,12.100743029550058,29.38000509231194,114.00955054084113,0,0,1,Lunch,Rice-Based,23.86771097809316
2028-11-08,236,301,6.515823798032605,5.501810027755113,21.67430880928565,89.80222316460191,0,0,2,Lunch,Rice-Based,6.5925108950409905
2028-11-09,515,366,4.168052119938178,14.961308309124965,28.044822690562395,108.61977512372187,0,0,3,Lunch,Roti-Based,6.4859383466396725
2028-11-10,375,458,12.521776038670247,13.801670002724185,33.52450135084093,114.52494878449644,0,0,4,Lunch,Roti-Based,11.42218413626992
2028-11-11,483,631,19.44779262111522,4.292036573235544,31.562640327546333,85.59704451220233,1,1,5,Breakfast,Rice-Based,22.093115586917428
2028-11-12,280,643,8.80110584708936,9.957147370115644,33.664781515681014,105.97082242126285,0,0,6,Lunch,Rice-Based,22.200011140372556
2028-11-13,313,303,3.1166617453180674,5.609660992827054,34.63460143785573,92.58735416668861,0,0,0,Lunch,Roti-Based,6.46450624213403
2028-11-14,239,332,8.107494811572213,8.062155685694577,18.181392159104767,86.21463472984914,0,0,1,Breakfast,Rice-Based,11.593428345241056
2028-11-15,500,444,11.106769777752053,3.2712163830852816,28.58660169841712,97.08668736869892,0,0,2,Lunch,Roti-Based,8.444984452677572
2028-11-16,423,551,4.914614119379847,9.004948026161372,25.018269761901408,113.05653430512625,0,0,3,Breakfast,Rice-Based,14.664365025659809
2028-11-17,517,597,13.845839925016858,11.248153817343157,32.61752633569707,85.35295283100993,0,1,4,Dinner,Mixed,16.70990348515766
2028-11-18,548,462,19.95948900218361,12.293738892406303,22.28084993415524,102.63657075789345,0,0,5,Dinner,Mixed,12.591184829762776
2028-11-19,314,362,10.131310567665988,12.95235517693065,34.677501314956295,100.04189435785973,0,1,6,Breakfast,Light Meal,9.886829818363207
2028-11-20,385,260,8.385114021143828,15.544369696536899,28.433035482243703,111.20152493113142,0,0,0,Breakfast,Rice-Based,6.9566812921419645
2028-11-21,522,642,9.212675003020399,6.23194360913595,31.490135837890126,87.52005143561877,0,0,1,Dinner,Roti-Based,17.18564940328406
2028-11-22,255,477,4.07263121111362,4.80722733657702,19.455192397987062,105.4457808965995,1,0,2,Lunch,Rice-Based,16.692239840579557
2028-11-23,239,504,17.898924825672026,15.773057578468885,21.118784040900707,105.40329095299832,0,0,3,Dinner,Rice-Based,24.11909494601796
2028-11-24,553,324,9.466861799384336,5.349192223389748,30.892862441581457,105.0724005058685,0,0,4,Dinner,Light Meal,0.6530783153277135
2028-11-25,239,421,8.970939405647144,17.62140122004293,18.3737708746685,113.27003484805111,0,0,5,Lunch,Roti-Based,15.005534507522682
2028-11-26,546,526,13.874424912748538,15.638073440979555,31.88692576019431,109.69262587020641,0,0,6,Breakfast,Rice-Based,12.632468559892054
2028-11-27,436,550,9.956601576760225,10.513149088343987,18.237133317762495,86.25918178730518,0,0,0,Dinner,Roti-Based,11.892324076607235
2028-11-28,488,485,13.668202438541229,17.721321373830378,29.171020264041644,99.1324855211354,0,1,1,Dinner,Rice-Based,12.951426682040008
2028-11-29,461,617,3.106033222354175,4.460650936620063,24.2065966439407,96.93859168604,0,0,2,Lunch,Light Meal,12.621305661844387
2028-11-30,415,429,16.647020187000095,7.545986417626525,28.395412496226385,94.30441663272406,0,0,3,Lunch,Roti-Based,11.381751751926977
2028-12-01,346,270,18.92907115182925,12.573366225609172,29.83253391881493,98.54010175462292,0,0,4,Lunch,Rice-Based,12.248240985748108
2028-12-02,535,337,13.677776950868948,8.250103027097682,23.82207872616717,96.52582554777932,1,0,5,Lunch,Mixed,6.568791985158796
2028-12-03,367,420,19.182186719458592,16.925588279711878,19.835361617884203,97.97001699635996,0,0,6,Dinner,Roti-Based,11.978714665162382
2028-12-04,291,596,4.725781658659339,3.9843913226672636,19.183979751720514,114.37785596825927,1,0,0,Dinner,Light Meal,19.040152201823712
2028-12-05,552,258,10.593491410646367,11.241177480914468,28.011912383563313,87.65898924248742,0,0,1,Lunch,Mixed,0.5
2028-12-06,258,247,12.83252121101805,11.862994010926718,26.851141013479896,112.6669260951619,0,0,2,Dinner,Roti-Based,10.245623730369763
2028-12-07,258,478,12.47125965358136,12.790921856658361,30.61741715505925,99.4071014041308,0,0,3,Breakfast,Roti-Based,16.398810020147476
2028-12-08,503,303,9.226312023602778,6.834993349977216,26.665503670066933,103.71226736498623,0,0,4,Lunch,Roti-Based,3.6621480221619134
2028-12-09,368,374,8.085519368592704,8.468496412797966,25.181578430524944,109.90548899853081,0,0,5,Lunch,Roti-Based,7.24014681717799
2028-12-10,468,336,4.282832405907539,15.655207944974665,24.767482030015923,95.81389087447766,0,0,6,Breakfast,Rice-Based,7.475935231964565
2028-12-11,562,221,9.051364110121007,5.924141534552398,18.449597344160345,97.912657242639,0,0,0,Lunch,Rice-Based,0.5
2028-12-12,244,312,4.927894671898732,15.40301770760043,23.70447242884317,97.28555440836142,0,0,1,Lunch,Roti-Based,9.754089500889082
2028-12-13,544,385,15.21858217685993,11.439831343541137,34.592342677916406,96.2419306760728,1,0,2,Dinner,Light Meal,6.03609236152983
2028-12-14,380,606,5.75895683890262,14.432812667911232,32.85044479586051,112.76587964940686,0,0,3,Dinner,Rice-Based,21.550687033256647
2028-12-15,369,619,3.0541754951216094,13.704110493952074,23.5994271395817,109.86789673579037,0,0,4,Lunch,Roti-Based,16.131601543477114
2028-12-16,555,569,11.942590480710217,6.112672430773185,27.992521886128326,88.26999969588928,0,0,5,Breakfast,Roti-Based,11.77052278634492
2028-12-17,390,515,12.714135188949228,11.532191046508093,32.404044674103396,88.24370057431288,0,0,6,Lunch,Light Meal,13.002108372094641
2028-12-18,354,477,17.6944351030491,16.015847292076387,25.501663724751168,97.83608544558973,0,0,0,Dinner,Light Meal,22.43617837134578
2028-12-19,387,300,12.385669023518274,9.48174355202894,18.305283683752567,87.95972130198427,0,0,1,Lunch,Light Meal,6.679570325579654
2028-12-20,206,644,8.218655367022023,17.49886155334975,19.26667785091688,103.5727928581336,0,0,2,Breakfast,Mixed,24.07624894629577
2028-12-21,332,487,16.45421386747377,9.783226501525771,26.676676262928012,89.31074821785202,0,0,3,Breakfast,Roti-Based,17.118977585586432
2028-12-22,434,638,11.725020077373578,5.14178455001827,34.48046938648993,100.67119791900403,0,0,4,Lunch,Light Meal,17.677803545635975
2028-12-23,244,454,3.4270451233614514,8.8415202011651,29.784562217720755,85.21659841011153,0,0,5,Breakfast,Roti-Based,13.586979916683315
2028-12-24,513,540,12.18531008563844,17.275536095858058,19.20557525445568,94.49789045237941,1,0,6,Dinner,Rice-Based,15.98033969779474
2028-12-25,448,530,18.344333817589924,7.795812740097814,21.219134888461667,105.31572171017966,0,0,0,Dinner,Roti-Based,16.28585232060916
2028-12-26,230,520,9.13362725896797,16.02147239800594,31.11249343468645,99.52116820683545,0,0,1,Lunch,Roti-Based,19.142217054390986
2028-12-27,222,576,7.333864434196402,16.218760225228348,32.30447591925616,114.34808457996965,1,0,2,Lunch,Mixed,23.58989496883987
2028-12-28,593,432,4.582450226324361,8.252797864979417,28.500807965206043,111.22311388198632,0,0,3,Lunch,Rice-Based,4.591101206188659
2028-12-29,359,281,4.726019394836432,4.248864870759482,28.955193883706883,95.77212337129454,0,0,4,Dinner,Rice-Based,2.763309493427392
2028-12-30,562,268,9.78988671815274,13.868368637382273,18.48173665651754,86.36459624416824,0,0,5,Lunch,Mixed,2.8400940939247588
2028-12-31,357,346,12.722236834907532,7.672684485209791,32.08501441288564,110.36878900345056,0,0,6,Lunch,Light Meal,10.360409782672884
2029-01-01,238,442,3.4510772930528315,14.743854213863585,31.400678538904103,112.33702930944014,1,0,0,Lunch,Light Meal,17.94253335794515
2029-01-02,281,628,18.912234602452983,9.639822723906496,22.4035974497569,109.6188218025711,0,0,1,Lunch,Roti-Based,24.01415979094938
2029-01-03,555,498,15.592405114013527,10.279001135139325,30.04750423941362,88.83849822759295,0,0,2,Lunch,Mixed,11.018461128679817
2029-01-04,457,627,12.559230529105928,14.668641101228053,21.65252830922497,114.93745403236863,0,0,3,Lunch,Light Meal,16.20427618625552
2029-01-05,405,513,16.911896076901833,8.735449965924419,18.685612737875722,92.75752664658322,1,0,4,Lunch,Rice-Based,17.801674112871527
2029-01-06,276,503,3.4433616226180392,9.646910179843719,21.419321224036413,106.7261473842511,0,0,5,Lunch,Mixed,15.976733622624023
2029-01-07,211,496,10.583099799196239,8.642857031544331,21.036690904823093,112.24104629007165,0,0,6,Lunch,Light Meal,15.248535237802345
2029-01-08,494,326,13.34167628350994,8.510107729159198,23.7417159444924,92.07061342992128,1,0,0,Breakfast,Rice-Based,9.550882401877264
2029-01-09,423,365,16.915752310129207,10.889198653521891,25.113641451982787,112.24775664031199,0,0,1,Lunch,Mixed,10.374419460044022
2029-01-10,212,639,16.10245208088682,15.13199166751726,26.645161155461032,94.28444737584601,0,0,2,Lunch,Roti-Based,25.399361429627636
2029-01-11,245,318,6.987246494841194,8.426524678838488,26.104815883641578,114.29239667152169,0,0,3,Lunch,Roti-Based,11.254830726585638
2029-01-12,354,648,18.935843052065678,10.86382080806605,22.60146830140992,93.43780061141423,0,0,4,Dinner,Rice-Based,23.410059331287414
2029-01-13,312,594,4.238225145755666,13.060909881639013,18.495901365759266,113.60307474273506,0,0,5,Breakfast,Light Meal,20.022814245823543
2029-01-14,432,292,17.752405135180737,7.041591694554826,28.28672757803156,86.60633952678025,0,0,6,Lunch,Light Meal,7.061502686713458
2029-01-15,216,341,19.476924492883136,7.162842073535888,24.727662107405024,106.2781603500944,0,0,0,Breakfast,Mixed,15.339274017124096
2029-01-16,559,249,5.188763418007261,17.001196905351822,23.077426675588345,100.9633340151101,0,0,1,Lunch,Rice-Based,0.5
2029-01-17,422,407,14.997189155668135,13.85301859996633,32.737997728118714,99.33631231368192,0,0,2,Lunch,Light Meal,12.93249296588394
2029-01-18,553,583,2.7251393380039723,11.657800143349633,30.694636232568715,91.7048294276752,0,0,3,Dinner,Roti-Based,8.62795947465304
2029-01-19,387,573,9.29761085250479,12.71580081630918,32.58201432233152,106.16787369329475,0,0,4,Lunch,Rice-Based,19.23695575532772
2029-01-20,543,507,11.293099385558133,3.4394916465512755,26.41470751011184,90.72428474338922,1,0,5,Lunch,Roti-Based,11.110083445922985
2029-01-21,564,414,12.451614066373413,12.271544483425453,20.225831286155216,101.58525387954305,0,0,6,Dinner,Rice-Based,8.34502429993604
2029-01-22,362,375,18.846870468474073,10.642633098363028,29.83576441406163,92.59736089120753,1,0,0,Dinner,Mixed,15.991419077316909
2029-01-23,525,391,14.100512371295505,11.186245196691535,21.503254258931978,113.66864139344068,0,0,1,Dinner,Light Meal,8.855708042815255
2029-01-24,273,554,10.663003121946266,8.391357402462257,25.500904374559184,85.85893581506959,0,0,2,Dinner,Light Meal,17.86907344267941
2029-01-25,432,260,16.57415065278601,4.222108465694128,19.105013412131104,90.9918484033371,0,1,3,Dinner,Light Meal,2.6818501605922926
2029-01-26,423,282,19.10959077717936,5.900088504180783,32.0302428411907,92.26931819162343,0,0,4,Lunch,Roti-Based,6.9584400209278865
2029-01-27,518,242,2.397190676281235,17.261170698190078,20.14099089780751,97.4220347730345,0,0,5,Breakfast,Light Meal,0.5
2029-01-28,259,579,19.685382900608698,9.13049343406401,33.35265761983827,91.98190725610161,0,0,6,Breakfast,Rice-Based,21.557083177733873
2029-01-29,534,294,3.550378503146246,10.000247337462962,32.69192023844647,99.74047270806356,1,0,0,Dinner,Roti-Based,1.953068274841264
2029-01-30,421,267,16.658962026837706,3.790646847801585,25.89790699546718,111.17396569775617,0,0,1,Dinner,Mixed,8.717902777486962
2029-01-31,236,379,7.046025545925425,3.5634934431597087,30.65425947316784,106.36190264227513,0,0,2,Breakfast,Roti-Based,11.99406863464379
2029-02-01,477,532,4.379233839569691,13.757721705701366,28.530566254908607,102.39885941605333,1,0,3,Lunch,Mixed,14.503171532060897
2029-02-02,395,337,9.917401514849029,11.07141996181667,31.652285919741665,87.67009533948038,1,0,4,Dinner,Roti-Based,10.271948418256741
2029-02-03,551,319,13.591218430057044,10.630589763244,25.340686713360505,105.81976325167827,1,0,5,Dinner,Light Meal,4.514253559724131
2029-02-04,441,599,8.85713321042255,6.64686795634003,31.358744232153953,89.9924285293282,0,0,6,Lunch,Mixed,12.661595983853381
2029-02-05,523,636,2.9821773490885812,14.171260974448833,25.861765890107513,108.59102157885094,0,1,0,Dinner,Light Meal,12.126572031657112
2029-02-06,418,627,12.790300513856899,5.523548686627378,33.996418393327495,92.50170275530459,0,0,1,Lunch,Roti-Based,17.48347461341761
2029-02-07,391,386,18.243258969992144,5.849021154915301,26.268325714027508,97.51146184962703,0,1,2,Lunch,Mixed,14.258277225957535
2029-02-08,216,509,8.897876587050531,9.910682570224132,25.864527622873403,95.51410606953783,0,0,3,Lunch,Rice-Based,20.25618840281227
2029-02-09,211,375,5.893989997354886,7.294197931679113,31.346221646579714,110.76441744024571,0,0,4,Lunch,Rice-Based,12.261041510685471
2029-02-10,600,640,9.966392226790678,6.711944718497195,31.966820759934244,88.79633376140224,0,0,5,Breakfast,Roti-Based,14.317403261505245
2029-02-11,593,226,2.8705287988780555,12.678564668299975,27.426314943459904,101.96934647154366,0,0,6,Dinner,Mixed,1.1252087973906355
2029-02-12,573,415,16.76877652064495,12.764576178278167,21.056562829416283,89.26184828329187,0,0,0,Dinner,Rice-Based,10.265469762203004
2029-02-13,392,640,16.874134597103364,15.367756046998938,25.951889926278852,106.1438750839656,0,1,1,Dinner,Light Meal,24.712466032798776
2029-02-14,221,275,12.58400834173331,9.265628504594638,34.457232549464536,112.15234383383444,0,1,2,Lunch,Light Meal,13.024155363554868
2029-02-15,319,540,8.35585200089101,4.096276365392254,30.800765281666145,98.0382296160176,0,0,3,Lunch,Roti-Based,14.827966667818785
2029-02-16,409,412,16.396100560024102,7.104995773821865,31.789764265945248,99.64276780794927,0,0,4,Lunch,Light Meal,10.023667311193874
2029-02-17,505,266,11.98436644619061,17.700081947952256,18.558033479927083,112.82268509448286,0,0,5,Breakfast,Light Meal,2.413616496713233
2029-02-18,469,367,16.866781553900292,11.94387862849053,25.953610864780718,100.62974165948071,0,0,6,Lunch,Light Meal,8.426855986246798
2029-02-19,391,494,13.366258266494372,13.646056272015304,28.99255927217844,99.62795314148683,0,0,0,Breakfast,Rice-Based,15.88395967156249
2029-02-20,374,376,16.11929851783035,3.110367444381218,32.11055562167727,102.34987308112912,0,0,1,Breakfast,Mixed,10.539766876784753
2029-02-21,484,421,12.77413387791968,10.773085982737813,18.837652110907115,105.67689209088856,1,0,2,Dinner,Roti-Based,11.180060846758087
2029-02-22,403,621,9.454539227881991,3.5629298629770467,32.49146105591184,88.20650125261093,0,0,3,Breakfast,Mixed,12.79666191572311
2029-02-23,363,638,19.243025478670475,11.53845318137172,27.3228159246125,109.63331583224549,0,0,4,Dinner,Mixed,24.389475220134877
2029-02-24,450,646,11.740048847819205,16.81156274454113,21.35433749979302,98.06515082359778,0,0,5,Lunch,Mixed,21.009563490294404
2029-02-25,426,345,12.89161133372969,17.526286957506116,23.3933386796449,87.17045529692457,0,0,6,Dinner,Rice-Based,10.841105827476138
2029-02-26,580,614,5.968777509465486,11.108290130833863,22.792802379776532,108.58548007594639,0,1,0,Breakfast,Light Meal,11.09169228639557
2029-02-27,206,524,13.261714209690977,9.873072078783238,27.02460358290409,96.30849915058816,0,0,1,Lunch,Roti-Based,20.545947279514007
2029-02-28,228,588,12.28893769069299,17.17525641372741,18.87865655848924,88.01102485285162,0,0,2,Lunch,Mixed,23.056088619789282
2029-03-01,594,513,5.327091163046449,13.104147479950427,20.6951146944987,104.01337118629752,0,0,3,Dinner,Light Meal,8.69621573673171
2029-03-02,232,283,3.072567752356587,3.973489193076142,31.8157817373883,111.40394060300925,0,1,4,Lunch,Rice-Based,11.604309672642195
2029-03-03,333,544,12.878467754865879,9.985883665012462,20.25426784269579,111.63260528241959,0,0,5,Lunch,Mixed,18.27331777913737
2029-03-04,566,611,15.74646084830577,6.603675276964559,21.96773658078816,113.72990424426919,0,0,6,Dinner,Light Meal,14.601157724775383
2029-03-05,278,637,11.421224676596148,10.047064821730224,25.707300295270674,111.03116379300064,0,0,0,Lunch,Rice-Based,21.92548466540629
2029-03-06,257,395,6.081907255753623,9.831983580095425,26.791055097926616,85.06422758036426,0,0,1,Breakfast,Light Meal,12.476052475176093
2029-03-07,225,335,13.99739558047463,11.73217204222113,30.981378153440694,96.40723499240171,0,0,2,Lunch,Roti-Based,14.556047489696823
2029-03-08,425,423,3.4419030789728406,8.351557355238768,25.604651253325194,109.55627739716509,0,1,3,Lunch,Light Meal,9.089974311333648
2029-03-09,484,540,9.953006686435183,5.46405674183892,31.42769855760416,95.98759017995422,0,0,4,Lunch,Light Meal,9.638520637138047
2029-03-10,203,250,4.940601651171564,10.555791518849343,28.511887219772778,103.04645519139119,0,1,5,Lunch,Roti-Based,8.365242013506018
2029-03-11,298,607,5.3202629190779005,15.45304326518643,19.922695570204983,103.18950842123596,0,0,6,Breakfast,Roti-Based,16.862379908892496
2029-03-12,596,332,5.641291084847666,12.960183421014035,20.657634452678256,95.9507591211647,0,0,0,Lunch,Light Meal,0.5
2029-03-13,238,584,8.960727026791602,8.075517988878238,25.429573332646104,112.13421781843863,0,0,1,Dinner,Roti-Based,21.342741510425796
2029-03-14,470,544,2.9207037011671573,17.03284534138286,24.747119682513674,100.09685036158353,0,0,2,Lunch,Light Meal,12.670296899477169
2029-03-15,574,633,9.160281936723766,16.68311356873773,30.640252583834005,98.94352617812503,0,0,3,Lunch,Mixed,15.586980283704731
2029-03-16,484,595,11.210734048064616,6.140225990761482,27.87253137655498,114.92541236985687,1,1,4,Breakfast,Light Meal,19.139730543743433
2029-03-17,356,563,10.699297129393853,3.5912637768054445,24.59826237703824,99.8050109221785,0,0,5,Lunch,Rice-Based,17.182036955061573
2029-03-18,274,286,8.89011380725473,14.119630625261433,20.902924818656555,90.35194755785743,0,0,6,Breakfast,Roti-Based,8.399305913208762
2029-03-19,571,294,17.104638945273543,15.414153920237299,21.856230739533416,100.39208268590315,0,0,0,Lunch,Mixed,4.69500296116591
2029-03-20,487,264,4.6158804635690736,17.51796848927033,27.783517313974002,109.4205020655979,0,0,1,Lunch,Roti-Based,2.9826054691815855
2029-03-21,329,479,11.102541388064731,16.34754591132466,25.19845968329647,108.30580980694845,1,0,2,Dinner,Roti-Based,17.297211486011488
2029-03-22,374,373,3.1167455052179776,12.008021523096222,26.753767650631424,108.65745295325414,0,1,3,Breakfast,Roti-Based,10.81739831684899
2029-03-23,283,374,3.2808022198023754,10.950785088185713,20.90151640013797,106.24071351993734,0,0,4,Lunch,Rice-Based,12.071196998470636
2029-03-24,221,649,12.329585294187734,3.4176157689387945,29.26940628985762,92.62653487200065,0,0,5,Lunch,Rice-Based,22.79795047573491
2029-03-25,226,582,12.188331647980776,6.6998467026716675,32.49315859455144,110.86252257520694,0,0,6,Lunch,Light Meal,20.228564032786114
2029-03-26,394,453,17.804603231200225,9.894221275993896,22.38497161537731,111.80330396128795,0,0,0,Dinner,Rice-Based,16.852219976243987
2029-03-27,536,270,12.041726161881318,12.427558501253518,26.355741839141054,90.82458089855648,0,0,1,Lunch,Roti-Based,4.297425946836831
2029-03-28,581,525,19.276238367287302,11.35877749977616,34.58396459335533,88.91366909654182,0,0,2,Breakfast,Mixed,10.196071296287656
2029-03-29,435,481,2.8765072711987356,14.139539845225357,23.66510958936237,114.26814905767336,0,0,3,Lunch,Mixed,11.46476735703846
2029-03-30,291,534,3.764138326053339,7.196503963305613,28.11578786370394,111.04971890951103,1,0,4,Lunch,Mixed,17.562768186459074
2029-03-31,220,344,2.7931855082668653,11.474289114787098,19.533326903404156,111.7970844162984,0,0,5,Breakfast,Roti-Based,11.96690442296326
2029-04-01,502,618,5.33498330600372,4.322133650861882,28.302255042150534,111.59129153873185,0,0,6,Lunch,Rice-Based,14.17806203499973
2029-04-02,556,464,11.742861996950205,9.204982853748104,19.523740146178504,101.25060472101185,1,0,0,Lunch,Mixed,11.364679232384878
2029-04-03,283,249,13.620299265693705,14.252412494319016,34.30700240050497,104.392052099974,0,0,1,Lunch,Roti-Based,9.396815652654656
2029-04-04,461,645,2.8205328430760384,13.40101280143566,30.16626508522929,101.36088556400925,1,0,2,Breakfast,Roti-Based,15.92200640289018
2029-04-05,346,341,19.02747601722079,17.859641057582685,31.39871639830701,86.53619047570987,0,0,3,Lunch,Mixed,14.702911285689519
2029-04-06,586,344,17.158976779706858,7.16836688981634,29.969774133117827,107.36509256058318,0,0,4,Lunch,Mixed,6.989829097775379
2029-04-07,456,256,7.339024678827676,10.472839487609686,28.02539361329992,100.15996100007641,0,1,5,Lunch,Light Meal,4.3404243394268756
2029-04-08,257,389,3.3893755440764233,7.942956206609951,25.64851727845359,104.4312722437069,0,0,6,Dinner,Light Meal,11.717341015453576
2029-04-09,579,343,5.057967317943031,9.609046710887622,32.59234745593806,100.07919414926606,0,0,0,Breakfast,Roti-Based,0.5147759631483748
2029-04-10,214,576,4.284999447589508,15.854251948040822,34.266206348232075,99.75433966967368,0,0,1,Dinner,Light Meal,18.99537114141692
2029-04-11,361,254,4.2191080273810435,13.263136127827298,26.48361493936938,90.15367328433301,0,0,2,Lunch,Light Meal,5.5693065100567125
2029-04-12,362,306,11.334110395983211,16.236617870213728,33.836095835639455,93.36141145423447,0,0,3,Dinner,Mixed,10.076362835308549
2029-04-13,519,353,6.425253964881206,6.052666624978297,27.9166594698048,89.76558075831868,0,0,4,Lunch,Light Meal,2.6929836294934444
2029-04-14,480,415,8.446514897524601,16.10041676762157,27.152531177239364,90.86998886876027,0,0,5,Lunch,Roti-Based,8.535998251283463
2029-04-15,479,493,19.811096000917804,3.8964341126757662,25.726206460241063,114.18932141260915,1,0,6,Dinner,Mixed,17.47203667207119
2029-04-16,211,420,14.317656480656206,16.32898920655729,21.557891946012038,89.59340337316596,0,0,0,Dinner,Light Meal,14.414180066630623
2029-04-17,473,588,19.081652006846024,7.936106691910918,18.063234233907007,93.07811272915623,0,0,1,Lunch,Light Meal,16.73095089383066
2029-04-18,470,504,4.56601799059608,7.718814501210997,22.10560585655304,102.71768973215755,0,0,2,Breakfast,Light Meal,9.31235885269907
2029-04-19,407,296,8.878510546986247,10.681328650479958,26.665293917260605,103.30535728709926,1,0,3,Lunch,Rice-Based,6.738258897364328
2029-04-20,226,278,11.985172459082378,17.110352815848476,24.459319188415794,89.61922389231488,1,0,4,Dinner,Light Meal,15.10735302507035
2029-04-21,271,345,3.3816451139972843,3.7167204702210803,25.624248876044774,108.81152277355636,0,0,5,Lunch,Light Meal,3.8743889571586916
2029-04-22,259,620,2.0753739853032416,8.283464626061178,34.671019732588846,108.55608603738474,1,0,6,Lunch,Roti-Based,20.528430687446644
2029-04-23,344,328,14.067818008344515,15.848579830250037,23.954630301378568,92.11953112611673,0,0,0,Dinner,Light Meal,11.247535451333595
2029-04-24,292,443,13.552751302425836,8.940817161532001,25.687109969121835,93.65998908026381,1,0,1,Dinner,Rice-Based,15.842797298114085
2029-04-25,508,497,9.394198579993011,5.987353463956005,20.269764372997933,113.13963596378491,0,0,2,Lunch,Mixed,11.152206146889746
2029-04-26,207,287,10.813593368576587,9.371912719971178,18.81528145142879,109.77014337938434,0,0,3,Lunch,Light Meal,10.542543058047443
2029-04-27,278,288,9.477974010657613,8.78328752237504,31.18196174807241,105.9339109918757,0,0,4,Dinner,Light Meal,9.949480119267335
2029-04-28,226,384,2.4320908072079996,16.73124302200055,27.701613976223637,87.46699664531802,0,0,5,Lunch,Roti-Based,17.63507018197342
2029-04-29,373,524,8.036688911914323,14.429015636146456,30.931981702746214,97.54792242707727,0,1,6,Dinner,Light Meal,16.221617322570506
2029-04-30,249,616,5.187480597151217,10.576733336160096,20.547667581071376,101.77905616230481,0,0,0,Lunch,Light Meal,20.483824581937412
2029-05-01,398,381,3.7716354038246376,17.82555850082357,27.721089110105744,90.6223386395133,1,1,1,Lunch,Light Meal,9.243761947588052
2029-05-02,586,584,19.220967810008297,9.97916296913885,22.311922063803383,98.44679746324674,0,0,2,Lunch,Light Meal,14.312193357829088
2029-05-03,548,561,12.788475050758981,3.8735674623041283,21.87705088730034,103.0307763246607,0,0,3,Lunch,Mixed,11.607969583450235
2029-05-04,380,528,15.115813116258849,6.934114827224773,18.19594223890075,94.82130040346198,0,0,4,Dinner,Roti-Based,16.86263506925292
2029-05-05,223,598,7.676547378790115,9.54105720328969,20.215792300674224,108.42834456851462,0,0,5,Lunch,Mixed,19.26425044305997
2029-05-06,515,562,9.076648330892274,5.3535393621918015,23.25755789549482,110.21348744916416,0,0,6,Lunch,Rice-Based,11.386975299327673
2029-05-07,577,606,6.264631890141023,17.213476894860644,19.986938930045962,94.70828408302212,0,0,0,Lunch,Light Meal,14.165445278379279
2029-05-08,586,261,3.7453820773776454,14.502733467266596,34.759593486985935,110.1597146347737,0,0,1,Lunch,Rice-Based,1.2305321931783073
2029-05-09,245,573,5.222569473948508,7.0243080064165895,23.24675502490716,88.10729698309045,0,0,2,Lunch,Mixed,19.911661241872853
2029-05-10,214,635,16.355252815336748,11.862068002768737,20.21550709393958,110.1318729586797,0,0,3,Lunch,Rice-Based,27.104881329742362
2029-05-11,352,328,14.195824493307965,13.821737356643581,21.384399318075282,89.5825129500285,1,1,4,Lunch,Light Meal,13.051064033362922
2029-05-12,421,270,11.844719767738585,17.11918393360197,27.990954881805102,87.48781457529178,0,0,5,Dinner,Rice-Based,6.9375102259139485
2029-05-13,405,469,10.551617711601825,16.224530237631157,19.088739905701406,104.25326213323034,1,0,6,Dinner,Mixed,15.580080806900526
2029-05-14,472,560,18.60381710581024,10.727883392073206,32.66138021239966,99.15812097265884,0,0,0,Lunch,Light Meal,17.43967283624459
2029-05-15,581,649,3.3092290600160315,14.619789296895263,34.34549454703151,112.23671801238498,0,1,1,Lunch,Roti-Based,14.381341985008925
2029-05-16,435,602,7.050814638282487,11.432171307413775,22.194706151345475,95.89567588272547,1,0,2,Lunch,Mixed,19.207808855429427
2029-05-17,539,240,8.298881364272853,11.290558350683101,25.65161956604461,93.61456790312886,0,0,3,Lunch,Light Meal,0.5
2029-05-18,427,519,16.08366461983018,4.721129375072879,18.37628566750145,100.02204718432596,0,0,4,Dinner,Roti-Based,12.490747996819644
2029-05-19,208,358,19.865263162915483,4.892064870242281,28.892073820362768,98.67838557305984,0,0,5,Lunch,Rice-Based,14.308992663462949
2029-05-20,365,578,6.332069265628755,10.94300422533686,25.036742986894012,95.33284138651565,0,0,6,Lunch,Rice-Based,16.748931266874024
2029-05-21,518,543,17.73753201446745,7.032923174685099,22.590993923726447,105.81223896094986,0,0,0,Lunch,Rice-Based,16.388943526451566
2029-05-22,413,604,16.95120968777224,3.3155535369070295,21.516230880482343,107.78685501741725,0,0,1,Lunch,Light Meal,16.377309892287087
2029-05-23,316,311,6.043833157551799,13.842588058503184,29.11839232019893,110.5895190709041,1,0,2,Breakfast,Rice-Based,12.58792805139067
2029-05-24,585,499,9.187986443586006,3.4872989503524745,25.075689527549343,114.18569814131028,0,0,3,Lunch,Rice-Based,9.012386518274988
2029-05-25,543,344,9.374111647265345,11.929152616560819,21.054207913508506,92.99968576397514,0,0,4,Breakfast,Roti-Based,5.292366112077175
2029-05-26,271,616,19.60797203347805,11.087906911909716,29.71485438527601,106.48280447469884,0,0,5,Dinner,Roti-Based,23.70975441228299
2029-05-27,594,330,5.25605422482017,17.532220358667068,27.606228811623794,96.82774706487236,0,0,6,Dinner,Roti-Based,2.9308851473353394
2029-05-28,263,573,16.384843479886076,10.263197090214625,32.597424933801435,105.31245915853324,1,0,0,Dinner,Light Meal,24.06870559093494
2029-05-29,404,358,8.015468855115978,3.9540215456669605,19.99709028090038,99.27945071047661,0,0,1,Dinner,Mixed,7.070865836204936
2029-05-30,408,492,15.155666223970886,11.275319517096925,31.356332233055753,114.81319308303794,0,1,2,Lunch,Rice-Based,16.62700932403068
2029-05-31,271,318,9.560198077321932,15.616442559241522,29.449785375893406,106.8670640737225,1,0,3,Dinner,Rice-Based,11.394412416746
2029-06-01,476,471,12.41047573609772,17.9527392642216,19.955185926077665,113.57473901302973,0,0,4,Breakfast,Light Meal,13.753978878877996
2029-06-02,473,557,16.987011919870362,9.455147605336087,29.811952407819252,110.04908648443558,0,0,5,Breakfast,Rice-Based,15.901614665597831
2029-06-03,519,323,16.474980169709916,7.804481137451138,25.506303910957115,112.08703033490113,0,1,6,Dinner,Light Meal,6.0360478162191225
2029-06-04,537,433,17.595617303714604,16.59979945427998,34.06474135444933,109.43257591644024,0,0,0,Breakfast,Light Meal,9.599662175300544
2029-06-05,565,468,3.0731118562038624,5.868631936141821,20.40739296050429,98.77477391127734,0,0,1,Dinner,Light Meal,4.456523758123584
2029-06-06,294,371,14.456909954715407,12.231433725493899,28.928167643867546,92.55365360040653,0,0,2,Lunch,Mixed,16.766821748100263
2029-06-07,365,469,4.519772780991731,9.085716362714216,24.49366077287008,96.10960526351566,0,0,3,Dinner,Light Meal,11.33551798239242
2029-06-08,231,494,9.484734224331397,3.616235474333329,34.26584940004492,85.60708697919851,0,0,4,Lunch,Mixed,15.041743604553755
2029-06-09,210,384,11.874591470984392,8.209327114585466,23.6095732199347,100.71979502394001,0,0,5,Lunch,Mixed,14.238579576425659
2029-06-10,500,560,9.249310725442953,6.978427837540119,34.35716046136061,100.15173400811226,0,1,6,Breakfast,Rice-Based,12.118453520545849
2029-06-11,416,227,11.353010164454135,13.291367309152303,33.32525946871273,100.75751394491465,0,0,0,Dinner,Roti-Based,2.9435591830374195
2029-06-12,488,503,19.937473558375146,17.231857465378773,22.59651500028116,114.22093674916192,1,0,1,Breakfast,Mixed,16.467175951603412
2029-06-13,301,224,4.433911646831385,7.020707810679566,31.66021020604927,112.34362010364518,0,0,2,Lunch,Mixed,5.448557985073136
2029-06-14,591,364,14.15820881605566,15.171989087275227,34.925271430659606,89.85138334990324,0,1,3,Lunch,Roti-Based,7.5109836451742495
2029-06-15,466,320,9.128017394941073,3.830397254076143,22.2952710369118,96.06647564667668,0,0,4,Breakfast,Mixed,4.513541399926235
2029-06-16,413,383,4.394176380331918,11.071815150597198,25.425211878496434,97.71868538389786,0,0,5,Lunch,Roti-Based,8.076124395704499
2029-06-17,378,593,4.857261740737572,4.058250955648418,26.843072521634916,95.81598753554943,0,1,6,Breakfast,Rice-Based,15.257163579254879
2029-06-18,287,366,19.086915912421105,17.01049486695959,23.01382930866569,108.9548789081174,0,0,0,Dinner,Light Meal,13.89895365185108
2029-06-19,240,283,17.832826940811717,14.495269208360853,18.259502273982505,100.72113009602761,0,0,1,Lunch,Roti-Based,11.450821891225242
2029-06-20,600,310,18.326755287470395,12.869248668068884,21.742197151357953,102.16299450914875,0,0,2,Lunch,Light Meal,2.710006993025301
2029-06-21,275,336,19.847589964892958,15.358445724369965,22.792927033809896,110.59040676963777,0,1,3,Lunch,Roti-Based,16.872594464204106
2029-06-22,576,573,5.749677020153323,12.712796933552447,25.541194922409183,109.17784460246077,0,0,4,Lunch,Light Meal,13.8101238011572
